Project Perfume Name,Store Name,Store Product Title,Price (DZD),Raw Price,Availability,Store Product Link
AZZARO THE MOST WANTED EDP 100ML,Smell Good Dz,Azzaro the Most Wanted (10ml),"2,500 DZD",2500,In Stock,https://smellgood-dz.com/products/azzaro-the-most-wanted-1
AZZARO THE MOST WANTED EDP 100ML,Smell Good Dz,Azzaro the Most Wanted (20ml),"5,000 DZD",5000,In Stock,https://smellgood-dz.com/products/azzaro-the-most-wanted-1
AZZARO THE MOST WANTED EDP 100ML,Smell Good Dz,Azzaro the Most Wanted (30ml),"7,500 DZD",7500,In Stock,https://smellgood-dz.com/products/azzaro-the-most-wanted-1
AZZARO THE MOST WANTED EDP 100ML,Smell Good Dz,Azzaro the Most Wanted (40ml),"10,000 DZD",10000,In Stock,https://smellgood-dz.com/products/azzaro-the-most-wanted-1
AZZARO THE MOST WANTED EDP 100ML,Smell Good Dz,Azzaro the Most Wanted (50ml),"12,500 DZD",12500,In Stock,https://smellgood-dz.com/products/azzaro-the-most-wanted-1
AZZARO THE MOST WANTED EDP 100ML,Smell Good Dz,Azzaro the Most Wanted le Parfum,"26,500 DZD",26500,In Stock,https://smellgood-dz.com/products/azzaro-the-most-wanted-le-parfum
AZZARO THE MOST WANTED EDP 100ML,Smell Good Dz,Azzaro the Most Wanted,"6,000 DZD",6000,In Stock,https://smellgood-dz.com/products/azzaro-the-most-wanted
AZZARO THE MOST WANTED EDP 100ML,Smell Good Dz,Azzaro the Most Wanted le Parfum 100ml,"22,000 DZD",22000,In Stock,https://smellgood-dz.com/products/azzaro-the-most-wanted-le-parfum-100ml
AZZARO THE MOST WANTED EDP 100ML,Smell Good Dz,Azzaro the Most Wanted 100ml,"21,500 DZD",21500,In Stock,https://smellgood-dz.com/products/azzaro-the-most-wanted-edp-intense-50ml-100ml
AZZARO THE MOST WANTED EDP 100ML,Smell Good Dz,Azzaro the Most Wanted,"26,000 DZD",26000,In Stock,https://smellgood-dz.com/products/azzaro-the-most-wanted-edp-intense-coffret-edp-i-100ml-edp-i-10ml-pp-10ml
AZZARO THE MOST WANTED EDP 100ML,Odorem Dz,Stick Azzaro The most wanted 77g,"6,000 DZD",6000,In Stock,https://odorem-dz.com/produit/stick-azzaro-the-most-wanted-77g/
AZZARO THE MOST WANTED EDP 100ML,Odorem Dz,Stick Azzaro The most wanted 77g,"6,000 DZD",6000,In Stock,https://odorem-dz.com/produit/stick-azzaro-the-most-wanted-77g/
AZZARO THE MOST WANTED EDP 100ML,Odorem Dz,Coffret Azzaro the most wanted EDP intense 3pcs,"20,500 DZD",20500,In Stock,https://odorem-dz.com/produit/coffret-azzaro-the-most-wanted-edp-intense-3pcs/
AZZARO THE MOST WANTED EDP 100ML,Odorem Dz,Coffret Azzaro the most wanted EDP intense 3pcs,"20,500 DZD",20500,In Stock,https://odorem-dz.com/produit/coffret-azzaro-the-most-wanted-edp-intense-3pcs/
AZZARO THE MOST WANTED EDP 100ML,Odorem Dz,Azzaro The most wanted 100ml edp intense,"18,800 DZD",18800,In Stock,https://odorem-dz.com/produit/azzaro-the-most-wanted-eau-de-parfum-intense-100ml/
AZZARO THE MOST WANTED EDP 100ML,Odorem Dz,Azzaro The most wanted 100ml edp intense,"18,800 DZD",18800,In Stock,https://odorem-dz.com/produit/azzaro-the-most-wanted-eau-de-parfum-intense-100ml/
AZZARO THE MOST WANTED EDP 100ML,Briki Parfums,AZZARO THE MOST WANTED PARFUM,"20,500 DZD",20500,In Stock,https://briki-parfums.com/parfums-homme/azzaro-the-most-wanted-parfum/
AZZARO THE MOST WANTED EDP 100ML,Briki Parfums,AZZARO WANTED THE MOST 100 ml,"16,500 DZD",16500,In Stock,https://briki-parfums.com/promo/azzaro-wanted-the-most-2/
AZZARO THE MOST WANTED EDP 100ML,Briki Parfums,COFFRET AZZARO WANTED THE MOST,"22,500 DZD",22500,In Stock,https://briki-parfums.com/parfums-homme/coffret-azzaro-wanted-the-most/
AZZARO THE MOST WANTED EDP 100ML,Briki Parfums,AZZARO WANTED THE MOST,"19,500 DZD",19500,In Stock,https://briki-parfums.com/parfums-homme/azzaro-wanted-by-night/
30ML Kenzo Homme EDT Intense,Smell Good Dz,Kenzo Homme Intense (30ml),"6,300 DZD",6300,In Stock,https://smellgood-dz.com/products/kenzo-homme-intense-1
AZZARO THE MOST WANTED EDT 100ML,Smell Good Dz,Azzaro the Most Wanted (10ml),"2,500 DZD",2500,In Stock,https://smellgood-dz.com/products/azzaro-the-most-wanted-1
AZZARO THE MOST WANTED EDT 100ML,Smell Good Dz,Azzaro the Most Wanted (20ml),"5,000 DZD",5000,In Stock,https://smellgood-dz.com/products/azzaro-the-most-wanted-1
AZZARO THE MOST WANTED EDT 100ML,Smell Good Dz,Azzaro the Most Wanted (30ml),"7,500 DZD",7500,In Stock,https://smellgood-dz.com/products/azzaro-the-most-wanted-1
AZZARO THE MOST WANTED EDT 100ML,Smell Good Dz,Azzaro the Most Wanted (40ml),"10,000 DZD",10000,In Stock,https://smellgood-dz.com/products/azzaro-the-most-wanted-1
AZZARO THE MOST WANTED EDT 100ML,Smell Good Dz,Azzaro the Most Wanted (50ml),"12,500 DZD",12500,In Stock,https://smellgood-dz.com/products/azzaro-the-most-wanted-1
AZZARO THE MOST WANTED EDT 100ML,Smell Good Dz,Azzaro the Most Wanted le Parfum,"26,500 DZD",26500,In Stock,https://smellgood-dz.com/products/azzaro-the-most-wanted-le-parfum
AZZARO THE MOST WANTED EDT 100ML,Smell Good Dz,Azzaro the Most Wanted,"6,000 DZD",6000,In Stock,https://smellgood-dz.com/products/azzaro-the-most-wanted
AZZARO THE MOST WANTED EDT 100ML,Smell Good Dz,Azzaro the Most Wanted le Parfum 100ml,"22,000 DZD",22000,In Stock,https://smellgood-dz.com/products/azzaro-the-most-wanted-le-parfum-100ml
AZZARO THE MOST WANTED EDT 100ML,Smell Good Dz,Azzaro the Most Wanted 100ml,"21,500 DZD",21500,In Stock,https://smellgood-dz.com/products/azzaro-the-most-wanted-edp-intense-50ml-100ml
AZZARO THE MOST WANTED EDT 100ML,Smell Good Dz,Azzaro the Most Wanted,"26,000 DZD",26000,In Stock,https://smellgood-dz.com/products/azzaro-the-most-wanted-edp-intense-coffret-edp-i-100ml-edp-i-10ml-pp-10ml
AZZARO THE MOST WANTED EDT 100ML,Odorem Dz,Stick Azzaro The most wanted 77g,"6,000 DZD",6000,In Stock,https://odorem-dz.com/produit/stick-azzaro-the-most-wanted-77g/
AZZARO THE MOST WANTED EDT 100ML,Odorem Dz,Stick Azzaro The most wanted 77g,"6,000 DZD",6000,In Stock,https://odorem-dz.com/produit/stick-azzaro-the-most-wanted-77g/
AZZARO THE MOST WANTED EDT 100ML,Odorem Dz,Coffret Azzaro the most wanted EDP intense 3pcs,"20,500 DZD",20500,In Stock,https://odorem-dz.com/produit/coffret-azzaro-the-most-wanted-edp-intense-3pcs/
AZZARO THE MOST WANTED EDT 100ML,Odorem Dz,Coffret Azzaro the most wanted EDP intense 3pcs,"20,500 DZD",20500,In Stock,https://odorem-dz.com/produit/coffret-azzaro-the-most-wanted-edp-intense-3pcs/
AZZARO THE MOST WANTED EDT 100ML,Odorem Dz,Azzaro The most wanted 100ml edp intense,"18,800 DZD",18800,In Stock,https://odorem-dz.com/produit/azzaro-the-most-wanted-eau-de-parfum-intense-100ml/
AZZARO THE MOST WANTED EDT 100ML,Odorem Dz,Azzaro The most wanted 100ml edp intense,"18,800 DZD",18800,In Stock,https://odorem-dz.com/produit/azzaro-the-most-wanted-eau-de-parfum-intense-100ml/
AZZARO THE MOST WANTED EDT 100ML,Briki Parfums,AZZARO THE MOST WANTED PARFUM,"20,500 DZD",20500,In Stock,https://briki-parfums.com/parfums-homme/azzaro-the-most-wanted-parfum/
AZZARO THE MOST WANTED EDT 100ML,Briki Parfums,AZZARO WANTED THE MOST 100 ml,"16,500 DZD",16500,In Stock,https://briki-parfums.com/promo/azzaro-wanted-the-most-2/
AZZARO THE MOST WANTED EDT 100ML,Briki Parfums,COFFRET AZZARO WANTED THE MOST,"22,500 DZD",22500,In Stock,https://briki-parfums.com/parfums-homme/coffret-azzaro-wanted-the-most/
AZZARO THE MOST WANTED EDT 100ML,Briki Parfums,AZZARO WANTED THE MOST,"19,500 DZD",19500,In Stock,https://briki-parfums.com/parfums-homme/azzaro-wanted-by-night/
AZZARO THE MOST WANTED PARFUM 100ML,Smell Good Dz,Azzaro the Most Wanted (10ml),"2,500 DZD",2500,In Stock,https://smellgood-dz.com/products/azzaro-the-most-wanted-1
AZZARO THE MOST WANTED PARFUM 100ML,Smell Good Dz,Azzaro the Most Wanted (20ml),"5,000 DZD",5000,In Stock,https://smellgood-dz.com/products/azzaro-the-most-wanted-1
AZZARO THE MOST WANTED PARFUM 100ML,Smell Good Dz,Azzaro the Most Wanted (30ml),"7,500 DZD",7500,In Stock,https://smellgood-dz.com/products/azzaro-the-most-wanted-1
AZZARO THE MOST WANTED PARFUM 100ML,Smell Good Dz,Azzaro the Most Wanted (40ml),"10,000 DZD",10000,In Stock,https://smellgood-dz.com/products/azzaro-the-most-wanted-1
AZZARO THE MOST WANTED PARFUM 100ML,Smell Good Dz,Azzaro the Most Wanted (50ml),"12,500 DZD",12500,In Stock,https://smellgood-dz.com/products/azzaro-the-most-wanted-1
AZZARO THE MOST WANTED PARFUM 100ML,Smell Good Dz,Azzaro the Most Wanted le Parfum,"26,500 DZD",26500,In Stock,https://smellgood-dz.com/products/azzaro-the-most-wanted-le-parfum
AZZARO THE MOST WANTED PARFUM 100ML,Smell Good Dz,Azzaro the Most Wanted,"6,000 DZD",6000,In Stock,https://smellgood-dz.com/products/azzaro-the-most-wanted
AZZARO THE MOST WANTED PARFUM 100ML,Smell Good Dz,Azzaro the Most Wanted le Parfum 100ml,"22,000 DZD",22000,In Stock,https://smellgood-dz.com/products/azzaro-the-most-wanted-le-parfum-100ml
AZZARO THE MOST WANTED PARFUM 100ML,Smell Good Dz,Azzaro the Most Wanted 100ml,"21,500 DZD",21500,In Stock,https://smellgood-dz.com/products/azzaro-the-most-wanted-edp-intense-50ml-100ml
AZZARO THE MOST WANTED PARFUM 100ML,Smell Good Dz,Azzaro the Most Wanted,"26,000 DZD",26000,In Stock,https://smellgood-dz.com/products/azzaro-the-most-wanted-edp-intense-coffret-edp-i-100ml-edp-i-10ml-pp-10ml
AZZARO THE MOST WANTED PARFUM 100ML,Odorem Dz,Stick Azzaro The most wanted 77g,"6,000 DZD",6000,In Stock,https://odorem-dz.com/produit/stick-azzaro-the-most-wanted-77g/
AZZARO THE MOST WANTED PARFUM 100ML,Odorem Dz,Stick Azzaro The most wanted 77g,"6,000 DZD",6000,In Stock,https://odorem-dz.com/produit/stick-azzaro-the-most-wanted-77g/
AZZARO THE MOST WANTED PARFUM 100ML,Odorem Dz,Coffret Azzaro the most wanted EDP intense 3pcs,"20,500 DZD",20500,In Stock,https://odorem-dz.com/produit/coffret-azzaro-the-most-wanted-edp-intense-3pcs/
AZZARO THE MOST WANTED PARFUM 100ML,Odorem Dz,Coffret Azzaro the most wanted EDP intense 3pcs,"20,500 DZD",20500,In Stock,https://odorem-dz.com/produit/coffret-azzaro-the-most-wanted-edp-intense-3pcs/
AZZARO THE MOST WANTED PARFUM 100ML,Odorem Dz,Azzaro The most wanted 100ml edp intense,"18,800 DZD",18800,In Stock,https://odorem-dz.com/produit/azzaro-the-most-wanted-eau-de-parfum-intense-100ml/
AZZARO THE MOST WANTED PARFUM 100ML,Odorem Dz,Azzaro The most wanted 100ml edp intense,"18,800 DZD",18800,In Stock,https://odorem-dz.com/produit/azzaro-the-most-wanted-eau-de-parfum-intense-100ml/
AZZARO THE MOST WANTED PARFUM 100ML,Briki Parfums,AZZARO THE MOST WANTED PARFUM,"20,500 DZD",20500,In Stock,https://briki-parfums.com/parfums-homme/azzaro-the-most-wanted-parfum/
AZZARO THE MOST WANTED PARFUM 100ML,Briki Parfums,AZZARO WANTED THE MOST 100 ml,"16,500 DZD",16500,In Stock,https://briki-parfums.com/promo/azzaro-wanted-the-most-2/
AZZARO THE MOST WANTED PARFUM 100ML,Briki Parfums,COFFRET AZZARO WANTED THE MOST,"22,500 DZD",22500,In Stock,https://briki-parfums.com/parfums-homme/coffret-azzaro-wanted-the-most/
AZZARO THE MOST WANTED PARFUM 100ML,Briki Parfums,AZZARO WANTED THE MOST,"19,500 DZD",19500,In Stock,https://briki-parfums.com/parfums-homme/azzaro-wanted-by-night/
AZZARO WANTED BY NIGHT EDP 100ML,Smell Good Dz,Azzaro Wanted by Night Edp 100ml,"22,000 DZD",22000,In Stock,https://smellgood-dz.com/products/azzaro-wanted-by-night-edp-100ml
AZZARO WANTED BY NIGHT EDP 100ML,Briki Parfums,AZZARO WANTED BY NIGHT,"19,500 DZD",19500,In Stock,https://briki-parfums.com/wp-content/uploads/2021/04/Azzaro-Wanted-By-Night-1.jpg
Akdeniz Unique'e Luxury,Briki Parfums,Unique’e Luxury AKDENIZ 100 ml,"42,500 DZD",42500,In Stock,https://briki-parfums.com/wp-content/uploads/2024/02/Akdeniz_comp_grande.png
ANTONIO BANDERAS BLUE SEDUCTION EDT 200ML,Smell Good Dz,Antonio Banderas Blue Seduction Edt 80ml / 200ml (80ml),"9,000 DZD",9000,In Stock,https://smellgood-dz.com/products/antonio-banderas-blue-seduction-femme-edt-200ml
ANTONIO BANDERAS BLUE SEDUCTION EDT 200ML,Smell Good Dz,Antonio Banderas Blue Seduction Edt 80ml / 200ml (200ml),"13,000 DZD",13000,In Stock,https://smellgood-dz.com/products/antonio-banderas-blue-seduction-femme-edt-200ml
ANTONIO BANDERAS BLUE SEDUCTION EDT 200ML,Smell Good Dz,Antonio Banderas Blue Seduction (10ml),"1,200 DZD",1200,In Stock,https://smellgood-dz.com/products/antonio-banderas-blue-seduction
ANTONIO BANDERAS BLUE SEDUCTION EDT 200ML,Smell Good Dz,Antonio Banderas Blue Seduction (20ml),"2,400 DZD",2400,In Stock,https://smellgood-dz.com/products/antonio-banderas-blue-seduction
ANTONIO BANDERAS BLUE SEDUCTION EDT 200ML,Smell Good Dz,Antonio Banderas Blue Seduction (30ml),"3,600 DZD",3600,In Stock,https://smellgood-dz.com/products/antonio-banderas-blue-seduction
ANTONIO BANDERAS BLUE SEDUCTION EDT 200ML,Smell Good Dz,Antonio Banderas Blue Seduction (40ml),"4,800 DZD",4800,In Stock,https://smellgood-dz.com/products/antonio-banderas-blue-seduction
ANTONIO BANDERAS BLUE SEDUCTION EDT 200ML,Smell Good Dz,Antonio Banderas Blue Seduction (50ml),"6,000 DZD",6000,In Stock,https://smellgood-dz.com/products/antonio-banderas-blue-seduction
ANTONIO BANDERAS BLUE SEDUCTION EDT 200ML,Smell Good Dz,Antonio Banderas Blue Seduction Edt 100ml / 200ml (100ml),"9,500 DZD",9500,In Stock,https://smellgood-dz.com/products/antonio-banderas-blue-seduction-edt-100ml-200ml
ANTONIO BANDERAS BLUE SEDUCTION EDT 200ML,Smell Good Dz,Antonio Banderas Blue Seduction Edt 100ml / 200ml (200ml),"13,500 DZD",13500,In Stock,https://smellgood-dz.com/products/antonio-banderas-blue-seduction-edt-100ml-200ml
ANTONIO BANDERAS BLUE SEDUCTION EDT 200ML,Odorem Dz,Antonio Banderas Blue seduction pour femme 200ml EDT,"10,800 DZD",10800,In Stock,https://odorem-dz.com/produit/antonio-banderas-blue-seduction-pour-femme-200ml-edt/
ANTONIO BANDERAS BLUE SEDUCTION EDT 200ML,Odorem Dz,Antonio Banderas Blue seduction pour femme 200ml EDT,"10,800 DZD",10800,In Stock,https://odorem-dz.com/produit/antonio-banderas-blue-seduction-pour-femme-200ml-edt/
ANTONIO BANDERAS BLUE SEDUCTION EDT 200ML,Odorem Dz,Antonio Banderas blue seduction 200ml,"11,800 DZD",11800,In Stock,https://odorem-dz.com/produit/antonio-banderas-blue-seduction-200ml/
ANTONIO BANDERAS BLUE SEDUCTION EDT 200ML,Odorem Dz,Antonio Banderas blue seduction 200ml,"11,800 DZD",11800,In Stock,https://odorem-dz.com/produit/antonio-banderas-blue-seduction-200ml/
ANTONIO BANDERAS BLUE SEDUCTION EDT 200ML,Briki Parfums,Antonio Banderas Blue Seduction,"7,500 DZD",7500,In Stock,https://briki-parfums.com/wp-content/uploads/2026/03/IMG_4990.jpeg
Azzaro Sport EDT 100ML,Smell Good Dz,Azzaro Sport Edt 100ml,"11,500 DZD",11500,In Stock,https://smellgood-dz.com/products/azzaro-sport-edt-100ml
Azzaro Sport EDT 100ML,Odorem Dz,Azzaro sport 100ml edt,"10,500 DZD",10500,In Stock,https://odorem-dz.com/produit/azzaro-sport-100ml-edt-2/
Azzaro Sport EDT 100ML,Odorem Dz,Azzaro sport 100ml edt,"10,500 DZD",10500,In Stock,https://odorem-dz.com/produit/azzaro-sport-100ml-edt-2/
Azzaro Sport EDT 100ML,Odorem Dz,Azzaro Sport 100ml edt,"9,900 DZD",9900,In Stock,https://odorem-dz.com/produit/azzaro-sport-100ml-edt/
Azzaro Sport EDT 100ML,Odorem Dz,Azzaro Sport 100ml edt,"9,900 DZD",9900,In Stock,https://odorem-dz.com/produit/azzaro-sport-100ml-edt/
Azzaro Sport EDT 100ML,Briki Parfums,AZZARO SPORT 100 ml,"11,500 DZD",11500,In Stock,https://briki-parfums.com/parfums-homme/azzaro-sport/
Azzaro Sport EDT 100ML,Briki Parfums,AZZARO CHROME SPORT,"7,500 DZD",7500,In Stock,https://briki-parfums.com/parfums-homme/azzaro-chrome-sport/
Antonio Banderas Blue Seduction 200ml,Smell Good Dz,Antonio Banderas Blue Seduction Edt 80ml / 200ml (80ml),"9,000 DZD",9000,In Stock,https://smellgood-dz.com/products/antonio-banderas-blue-seduction-femme-edt-200ml
Antonio Banderas Blue Seduction 200ml,Smell Good Dz,Antonio Banderas Blue Seduction Edt 80ml / 200ml (200ml),"13,000 DZD",13000,In Stock,https://smellgood-dz.com/products/antonio-banderas-blue-seduction-femme-edt-200ml
Antonio Banderas Blue Seduction 200ml,Smell Good Dz,Antonio Banderas Blue Seduction (10ml),"1,200 DZD",1200,In Stock,https://smellgood-dz.com/products/antonio-banderas-blue-seduction
Antonio Banderas Blue Seduction 200ml,Smell Good Dz,Antonio Banderas Blue Seduction (20ml),"2,400 DZD",2400,In Stock,https://smellgood-dz.com/products/antonio-banderas-blue-seduction
Antonio Banderas Blue Seduction 200ml,Smell Good Dz,Antonio Banderas Blue Seduction (30ml),"3,600 DZD",3600,In Stock,https://smellgood-dz.com/products/antonio-banderas-blue-seduction
Antonio Banderas Blue Seduction 200ml,Smell Good Dz,Antonio Banderas Blue Seduction (40ml),"4,800 DZD",4800,In Stock,https://smellgood-dz.com/products/antonio-banderas-blue-seduction
Antonio Banderas Blue Seduction 200ml,Smell Good Dz,Antonio Banderas Blue Seduction (50ml),"6,000 DZD",6000,In Stock,https://smellgood-dz.com/products/antonio-banderas-blue-seduction
Antonio Banderas Blue Seduction 200ml,Smell Good Dz,Antonio Banderas Blue Seduction Edt 100ml / 200ml (100ml),"9,500 DZD",9500,In Stock,https://smellgood-dz.com/products/antonio-banderas-blue-seduction-edt-100ml-200ml
Antonio Banderas Blue Seduction 200ml,Smell Good Dz,Antonio Banderas Blue Seduction Edt 100ml / 200ml (200ml),"13,500 DZD",13500,In Stock,https://smellgood-dz.com/products/antonio-banderas-blue-seduction-edt-100ml-200ml
Antonio Banderas Blue Seduction 200ml,Odorem Dz,Antonio Banderas Blue seduction pour femme 200ml EDT,"10,800 DZD",10800,In Stock,https://odorem-dz.com/produit/antonio-banderas-blue-seduction-pour-femme-200ml-edt/
Antonio Banderas Blue Seduction 200ml,Odorem Dz,Antonio Banderas Blue seduction pour femme 200ml EDT,"10,800 DZD",10800,In Stock,https://odorem-dz.com/produit/antonio-banderas-blue-seduction-pour-femme-200ml-edt/
Antonio Banderas Blue Seduction 200ml,Odorem Dz,Antonio Banderas blue seduction 200ml,"11,800 DZD",11800,In Stock,https://odorem-dz.com/produit/antonio-banderas-blue-seduction-200ml/
Antonio Banderas Blue Seduction 200ml,Odorem Dz,Antonio Banderas blue seduction 200ml,"11,800 DZD",11800,In Stock,https://odorem-dz.com/produit/antonio-banderas-blue-seduction-200ml/
Antonio Banderas Blue Seduction 200ml,Briki Parfums,Antonio Banderas Blue Seduction,"7,500 DZD",7500,In Stock,https://briki-parfums.com/wp-content/uploads/2026/03/IMG_4990.jpeg
Azzaro Wanted by Night,Smell Good Dz,Azzaro Wanted by Night Edp 100ml,"22,000 DZD",22000,In Stock,https://smellgood-dz.com/products/azzaro-wanted-by-night-edp-100ml
Azzaro Wanted by Night,Briki Parfums,AZZARO WANTED BY NIGHT,"19,500 DZD",19500,In Stock,https://briki-parfums.com/wp-content/uploads/2021/04/Azzaro-Wanted-By-Night-1.jpg
Azzaro Wanted by Night,Briki Parfums,AZZARO WANTED,"16,500 DZD",16500,In Stock,https://briki-parfums.com/promo/source-deau-thermale-uriage/
Azzaro The most wanted 100ml edp intense,Odorem Dz,Stick Azzaro The most wanted 77g,"6,000 DZD",6000,In Stock,https://odorem-dz.com/produit/stick-azzaro-the-most-wanted-77g/
Azzaro The most wanted 100ml edp intense,Odorem Dz,Stick Azzaro The most wanted 77g,"6,000 DZD",6000,In Stock,https://odorem-dz.com/produit/stick-azzaro-the-most-wanted-77g/
Azzaro The most wanted 100ml edp intense,Odorem Dz,Coffret Azzaro the most wanted EDP intense 3pcs,"20,500 DZD",20500,In Stock,https://odorem-dz.com/produit/coffret-azzaro-the-most-wanted-edp-intense-3pcs/
Azzaro The most wanted 100ml edp intense,Odorem Dz,Coffret Azzaro the most wanted EDP intense 3pcs,"20,500 DZD",20500,In Stock,https://odorem-dz.com/produit/coffret-azzaro-the-most-wanted-edp-intense-3pcs/
Azzaro The most wanted 100ml edp intense,Odorem Dz,Azzaro The most wanted 100ml edp intense,"18,800 DZD",18800,In Stock,https://odorem-dz.com/produit/azzaro-the-most-wanted-eau-de-parfum-intense-100ml/
Azzaro The most wanted 100ml edp intense,Odorem Dz,Azzaro The most wanted 100ml edp intense,"18,800 DZD",18800,In Stock,https://odorem-dz.com/produit/azzaro-the-most-wanted-eau-de-parfum-intense-100ml/
Azzaro The most wanted 100ml edp intense,Briki Parfums,AZZARO THE MOST WANTED PARFUM,"20,500 DZD",20500,In Stock,https://briki-parfums.com/parfums-homme/azzaro-the-most-wanted-parfum/
Azzaro The most wanted 100ml edp intense,Briki Parfums,AZZARO WANTED THE MOST 100 ml,"16,500 DZD",16500,In Stock,https://briki-parfums.com/promo/azzaro-wanted-the-most-2/
Azzaro The most wanted 100ml edp intense,Briki Parfums,COFFRET AZZARO WANTED THE MOST,"22,500 DZD",22500,In Stock,https://briki-parfums.com/parfums-homme/coffret-azzaro-wanted-the-most/
Azzaro The most wanted 100ml edp intense,Briki Parfums,AZZARO WANTED THE MOST,"19,500 DZD",19500,In Stock,https://briki-parfums.com/parfums-homme/azzaro-wanted-by-night/
BDK Gris Charnel Extrait de Parfum 100ML,Smell Good Dz,Bdk Parfums Gris Charnel Extrait de Parfum 100ml,"60,000 DZD",60000,In Stock,https://smellgood-dz.com/products/bdk-parfums-gris-charnel-extrait-de-parfum-100ml
BDK Gris Charnel Extrait de Parfum 100ML,Odorem Dz,BDK Gris Charnel Extrait 100ml,"53,000 DZD",53000,In Stock,https://odorem-dz.com/produit/bdk-gris-charnel-extrait-100ml/
BDK Gris Charnel Extrait de Parfum 100ML,Odorem Dz,BDK Gris Charnel Extrait 100ml,"53,000 DZD",53000,In Stock,https://odorem-dz.com/produit/bdk-gris-charnel-extrait-100ml/
BDK Gris Charnel Extrait de Parfum 100ML,Odorem Dz,BDK Gris Charnel 100ml EDP,"49,000 DZD",49000,In Stock,https://odorem-dz.com/produit/bdk-gris-charnel-100ml-edp/
BDK Gris Charnel Extrait de Parfum 100ML,Odorem Dz,BDK Gris Charnel 100ml EDP,"49,000 DZD",49000,In Stock,https://odorem-dz.com/produit/bdk-gris-charnel-100ml-edp/
BDK Gris Charnel Extrait de Parfum 100ML,Briki Parfums,BDK GRIS CHARNEL,"45,000 DZD",45000,In Stock,https://briki-parfums.com/parfums-niche/bdk-gris-charnel/
BDK Gris Charnel Extrait de Parfum 100ML,Briki Parfums,BDK PARFUMS GRIS CHARNEL EXTRAIT,"62,000 DZD",62000,In Stock,https://briki-parfums.com/parfums-niche/bdk-parfums-gris-charnel-extrait/
BOUCHERON SINGULIER EDP 100 ML,Briki Parfums,BOUCHERON SINGULIER COFFRET,"15,500 DZD",15500,In Stock,https://briki-parfums.com/parfums-homme/boucheron-singulier-coffret/
BOUCHERON SINGULIER EDP 100 ML,Briki Parfums,BOUCHERON SINGULIER,"12,800 DZD",12800,In Stock,https://briki-parfums.com/parfums-homme/boucheron-singulier/
Bois impérial 100ml EDP,Smell Good Dz,Essential Parfums Bois Impérial,"18,000 DZD",18000,In Stock,https://smellgood-dz.com/products/essential-parfums-bois-imperial-1
Bois impérial 100ml EDP,Smell Good Dz,Essential Parfums Bois Impérial (10ml),"3,400 DZD",3400,In Stock,https://smellgood-dz.com/products/essential-parfums-bois-imperial
Bois impérial 100ml EDP,Smell Good Dz,Essential Parfums Bois Impérial (20ml),"6,800 DZD",6800,In Stock,https://smellgood-dz.com/products/essential-parfums-bois-imperial
Bois impérial 100ml EDP,Smell Good Dz,Essential Parfums Bois Impérial (30ml),"10,200 DZD",10200,In Stock,https://smellgood-dz.com/products/essential-parfums-bois-imperial
Bois impérial 100ml EDP,Smell Good Dz,Essential Parfums Bois Impérial Edp 100ml,"31,500 DZD",31500,In Stock,https://smellgood-dz.com/products/essential-parfums-bois-imperial-edp-100ml
Bois impérial 100ml EDP,Odorem Dz,Bois Impérial Extrait 30ml,"33,000 DZD",33000,In Stock,https://odorem-dz.com/produit/bois-imperial-extrait-30ml/
Bois impérial 100ml EDP,Odorem Dz,Bois Impérial Extrait 30ml,"33,000 DZD",33000,In Stock,https://odorem-dz.com/produit/bois-imperial-extrait-30ml/
Bois impérial 100ml EDP,Odorem Dz,Recharge Bois impérial 150ml,"32,500 DZD",32500,In Stock,https://odorem-dz.com/produit/recharge-bois-imperial-150ml/
Bois impérial 100ml EDP,Odorem Dz,Recharge Bois impérial 150ml,"32,500 DZD",32500,In Stock,https://odorem-dz.com/produit/recharge-bois-imperial-150ml/
Bois impérial 100ml EDP,Odorem Dz,Bois impérial 100ml EDP,"31,000 DZD",31000,In Stock,https://odorem-dz.com/produit/bois-imperial-100ml-edp/
Bois impérial 100ml EDP,Odorem Dz,Bois impérial 100ml EDP,"31,000 DZD",31000,In Stock,https://odorem-dz.com/produit/bois-imperial-100ml-edp/
Bois impérial 100ml EDP,Gallery Parfums Dz,BOIS IMPÉRIAL – Brume –,"9,600 DZD",9600,In Stock,https://galleryparfums-dz.com/produit/bois-imperial-brume/
Bois impérial 100ml EDP,Gallery Parfums Dz,BOIS IMPÉRIAL – Savon Liquide Corps & Mains –,"9,800 DZD",9800,In Stock,https://galleryparfums-dz.com/produit/bois-imperial-savon-liquide-corps-mains/
Bois impérial 100ml EDP,Gallery Parfums Dz,BOIS IMPÉRIAL,"32,800 DZD",32800,In Stock,https://galleryparfums-dz.com/produit/bois-imperial-2/
Bois impérial 100ml EDP,Briki Parfums,Recharge BOIS IMPÉRIAL,"32,500 DZD",32500,In Stock,https://briki-parfums.com/parfums-homme/recharge-bois-imperial/
Bois impérial 100ml EDP,Briki Parfums,BOIS IMPÉRIAL ESSENTIELLE PARFUMS,"32,500 DZD",32500,In Stock,https://briki-parfums.com/new/bois-imperial-essentielle-parfums/
Bois impérial 100ml EDP,Briki Parfums,Bois Impérial essential parfums,"29,500 DZD",29500,In Stock,https://briki-parfums.com/parfums-niche/bois-imperial-essential-parfums/
Bois Imperial 30 ML,Gallery Parfums Dz,BOIS IMPERIAL EDITION COLLECTOR,"29,800 DZD",29800,In Stock,https://galleryparfums-dz.com/produit/bois-imperial-edition-collector/
Bois Imperial 30 ML,Gallery Parfums Dz,BOIS IMPERIAL -BOUGIE-,"13,900 DZD",13900,In Stock,https://galleryparfums-dz.com/produit/bois-imperial-bougie/
Bois Imperial 30 ML,Gallery Parfums Dz,BOIS IMPERIAL -BODY & HAND RECHARGE-,"7,200 DZD",7200,In Stock,https://galleryparfums-dz.com/produit/bois-imperial-body-hand-recharge/
Bois Imperial 30 ML,Gallery Parfums Dz,BOIS IMPERIAL -CREME MAINS-,"4,300 DZD",4300,In Stock,https://galleryparfums-dz.com/produit/bois-imperial-creme-mains/
Bois Imperial 30 ML,Gallery Parfums Dz,BOIS IMPERIAL RECHARGE,"30,800 DZD",30800,In Stock,https://galleryparfums-dz.com/produit/bois-imperial-recharge/
Bois Imperial 30 ML,Gallery Parfums Dz,BOIS IMPERIAL -LESSIVE PARFUMÉE-,"7,900 DZD",7900,In Stock,https://galleryparfums-dz.com/produit/bois-imperial-lessive-parfumee/
Bois Imperial 30 ML,Gallery Parfums Dz,BOIS IMPERIAL -FORMAT VOYAGE-,"4,600 DZD",4600,In Stock,https://galleryparfums-dz.com/produit/bois-imperial-format-voyage/
Bois Imperial 30 ML,Gallery Parfums Dz,BOIS IMPERIAL,"28,500 DZD",28500,In Stock,https://galleryparfums-dz.com/produit/bois-imperial/
Bleu de Chanel Eau de Parfum Chanel,Smell Good Dz,Chanel Bleu de Chanel (10ml),"3,300 DZD",3300,In Stock,https://smellgood-dz.com/products/chanel-bleu-de-chanel-3
Bleu de Chanel Eau de Parfum Chanel,Smell Good Dz,Chanel Bleu de Chanel (20ml),"6,600 DZD",6600,In Stock,https://smellgood-dz.com/products/chanel-bleu-de-chanel-3
Bleu de Chanel Eau de Parfum Chanel,Smell Good Dz,Chanel Bleu de Chanel (30ml),"9,900 DZD",9900,In Stock,https://smellgood-dz.com/products/chanel-bleu-de-chanel-3
Bleu de Chanel Eau de Parfum Chanel,Smell Good Dz,Chanel Bleu de Chanel (40ml),"13,200 DZD",13200,In Stock,https://smellgood-dz.com/products/chanel-bleu-de-chanel-3
Bleu de Chanel Eau de Parfum Chanel,Smell Good Dz,Chanel Bleu de Chanel (50ml),"16,500 DZD",16500,In Stock,https://smellgood-dz.com/products/chanel-bleu-de-chanel-3
Bleu de Chanel Eau de Parfum Chanel,Smell Good Dz,Chanel Bleu de Chanel,"15,000 DZD",15000,In Stock,https://smellgood-dz.com/products/chanel-bleu-de-chanel-2
Bleu de Chanel Eau de Parfum Chanel,Smell Good Dz,Chanel Bleu de Chanel l'Exclusif 60ml / 100ml (60ml),"50,000 DZD",50000,In Stock,https://smellgood-dz.com/products/chanel-bleu-de-chanel-lexclusif-60ml-100ml
Bleu de Chanel Eau de Parfum Chanel,Smell Good Dz,Chanel Bleu de Chanel l'Exclusif 60ml / 100ml (100ml),"65,000 DZD",65000,In Stock,https://smellgood-dz.com/products/chanel-bleu-de-chanel-lexclusif-60ml-100ml
Bleu de Chanel Eau de Parfum Chanel,Smell Good Dz,Chanel Bleu de Chanel,"15,000 DZD",15000,In Stock,https://smellgood-dz.com/products/chanel-bleu-de-chanel-1
Bleu de Chanel Eau de Parfum Chanel,Smell Good Dz,Chanel Bleu de Chanel (10ml),"3,800 DZD",3800,In Stock,https://smellgood-dz.com/products/chanel-bleu-de-chanel
Bleu de Chanel Eau de Parfum Chanel,Smell Good Dz,Chanel Bleu de Chanel (20ml),"7,600 DZD",7600,In Stock,https://smellgood-dz.com/products/chanel-bleu-de-chanel
Bleu de Chanel Eau de Parfum Chanel,Smell Good Dz,Chanel Bleu de Chanel (30ml),"11,400 DZD",11400,In Stock,https://smellgood-dz.com/products/chanel-bleu-de-chanel
Bleu de Chanel Eau de Parfum Chanel,Smell Good Dz,Chanel Bleu de Chanel (40ml),"15,200 DZD",15200,In Stock,https://smellgood-dz.com/products/chanel-bleu-de-chanel
Bleu de Chanel Eau de Parfum Chanel,Smell Good Dz,Chanel Bleu de Chanel (50ml),"19,000 DZD",19000,In Stock,https://smellgood-dz.com/products/chanel-bleu-de-chanel
Bleu de Chanel Eau de Parfum Chanel,Smell Good Dz,Bleu de Chanel le Parfum 50ml / 100ml / 150ml (50ml),"36,500 DZD",36500,In Stock,https://smellgood-dz.com/products/bleu-de-chanel-le-parfum-50ml-100ml-150ml
Bleu de Chanel Eau de Parfum Chanel,Smell Good Dz,Bleu de Chanel le Parfum 50ml / 100ml / 150ml (100ml),"41,500 DZD",41500,In Stock,https://smellgood-dz.com/products/bleu-de-chanel-le-parfum-50ml-100ml-150ml
Bleu de Chanel Eau de Parfum Chanel,Smell Good Dz,Bleu de Chanel le Parfum 50ml / 100ml / 150ml (150ml),"47,000 DZD",47000,In Stock,https://smellgood-dz.com/products/bleu-de-chanel-le-parfum-50ml-100ml-150ml
Bleu de Chanel Eau de Parfum Chanel,Smell Good Dz,Bleu de Chanel Edt 50ml / 100ml / 150ml (50ml),"24,000 DZD",24000,In Stock,https://smellgood-dz.com/products/bleu-de-chanel-edt-50ml-100ml-150ml
Bleu de Chanel Eau de Parfum Chanel,Smell Good Dz,Bleu de Chanel Edt 50ml / 100ml / 150ml (100ml),"30,000 DZD",30000,In Stock,https://smellgood-dz.com/products/bleu-de-chanel-edt-50ml-100ml-150ml
Bleu de Chanel Eau de Parfum Chanel,Smell Good Dz,Bleu de Chanel Edt 50ml / 100ml / 150ml (150ml),"36,000 DZD",36000,In Stock,https://smellgood-dz.com/products/bleu-de-chanel-edt-50ml-100ml-150ml
Bleu de Chanel Eau de Parfum Chanel,Smell Good Dz,Bleu de Chanel Edp 50ml / 100ml / 150ml (50ml),"31,000 DZD",31000,In Stock,https://smellgood-dz.com/products/bleu-de-chanel-edp-50ml-100ml-150ml
Bleu de Chanel Eau de Parfum Chanel,Smell Good Dz,Bleu de Chanel Edp 50ml / 100ml / 150ml (100ml),"37,000 DZD",37000,In Stock,https://smellgood-dz.com/products/bleu-de-chanel-edp-50ml-100ml-150ml
Bleu de Chanel Eau de Parfum Chanel,Smell Good Dz,Bleu de Chanel Edp 50ml / 100ml / 150ml (150ml),"43,000 DZD",43000,In Stock,https://smellgood-dz.com/products/bleu-de-chanel-edp-50ml-100ml-150ml
Bleu de Chanel Eau de Parfum Chanel,Odorem Dz,stick bleu de chanel 75ml,"13,000 DZD",13000,In Stock,https://odorem-dz.com/produit/stick-bleu-de-chanel-75ml/
Bleu de Chanel Eau de Parfum Chanel,Odorem Dz,stick bleu de chanel 75ml,"13,000 DZD",13000,In Stock,https://odorem-dz.com/produit/stick-bleu-de-chanel-75ml/
Bleu de Chanel Eau de Parfum Chanel,Odorem Dz,Bleu De Chanel 100ml edt,"27,400 DZD",27400,In Stock,https://odorem-dz.com/produit/bleu-de-chanel-100ml-edt-2/
Bleu de Chanel Eau de Parfum Chanel,Odorem Dz,Bleu De Chanel 100ml edt,"27,400 DZD",27400,In Stock,https://odorem-dz.com/produit/bleu-de-chanel-100ml-edt-2/
Bleu de Chanel Eau de Parfum Chanel,Odorem Dz,Pack promo bleu de chanel,"46,000 DZD",46000,In Stock,https://odorem-dz.com/produit/pack-promo-bleu-de-chanel/
Bleu de Chanel Eau de Parfum Chanel,Odorem Dz,Pack promo bleu de chanel,"46,000 DZD",46000,In Stock,https://odorem-dz.com/produit/pack-promo-bleu-de-chanel/
Bleu de Chanel Eau de Parfum Chanel,Odorem Dz,Bleu de Chanel 150ml edt,"36,000 DZD",36000,In Stock,https://odorem-dz.com/produit/bleu-de-chanel-100ml-edt/
Bleu de Chanel Eau de Parfum Chanel,Odorem Dz,Bleu de Chanel 150ml edt,"36,000 DZD",36000,In Stock,https://odorem-dz.com/produit/bleu-de-chanel-100ml-edt/
Bleu de Chanel Eau de Parfum Chanel,Odorem Dz,Bleu de Chanel L’Exclusif 100ml,"63,500 DZD",63500,In Stock,https://odorem-dz.com/produit/bleu-de-chanel-lexclusif-60ml/
Bleu de Chanel Eau de Parfum Chanel,Odorem Dz,Bleu de Chanel L’Exclusif 100ml,"63,500 DZD",63500,In Stock,https://odorem-dz.com/produit/bleu-de-chanel-lexclusif-60ml/
Bleu de Chanel Eau de Parfum Chanel,Odorem Dz,Bleu De Chanel 150ml parfum,"49,500 DZD",49500,In Stock,https://odorem-dz.com/produit/bleu-de-chanel-150ml-parfum/
Bleu de Chanel Eau de Parfum Chanel,Odorem Dz,Bleu De Chanel 150ml parfum,"49,500 DZD",49500,In Stock,https://odorem-dz.com/produit/bleu-de-chanel-150ml-parfum/
Bleu de Chanel Eau de Parfum Chanel,Odorem Dz,Deodorant Bleu De chanel 100ml,"14,000 DZD",14000,In Stock,https://odorem-dz.com/produit/deodorant-bleu-de-chanel-100ml/
Bleu de Chanel Eau de Parfum Chanel,Odorem Dz,Deodorant Bleu De chanel 100ml,"14,000 DZD",14000,In Stock,https://odorem-dz.com/produit/deodorant-bleu-de-chanel-100ml/
Bleu de Chanel Eau de Parfum Chanel,Odorem Dz,Bleu de chanel 100ml parfum,"38,000 DZD",38000,In Stock,https://odorem-dz.com/produit/bleu-de-chanel-100ml-parfum/
Bleu de Chanel Eau de Parfum Chanel,Odorem Dz,Bleu de chanel 100ml parfum,"38,000 DZD",38000,In Stock,https://odorem-dz.com/produit/bleu-de-chanel-100ml-parfum/
Bleu de Chanel Eau de Parfum Chanel,Odorem Dz,Bleu De chanel 100ml Eau De Parfum,"34,500 DZD",34500,In Stock,https://odorem-dz.com/produit/bleu-de-chanel-eau-de-parfum-100ml/
Bleu de Chanel Eau de Parfum Chanel,Odorem Dz,Bleu De chanel 100ml Eau De Parfum,"34,500 DZD",34500,In Stock,https://odorem-dz.com/produit/bleu-de-chanel-eau-de-parfum-100ml/
Bleu de Chanel Eau de Parfum Chanel,Odorem Dz,BLEU DE CHANEL EAU DE PARFUM 150ml,"42,500 DZD",42500,In Stock,https://odorem-dz.com/produit/bleu-de-chanel-eau-de-parfum-150ml/
Bleu de Chanel Eau de Parfum Chanel,Odorem Dz,BLEU DE CHANEL EAU DE PARFUM 150ml,"42,500 DZD",42500,In Stock,https://odorem-dz.com/produit/bleu-de-chanel-eau-de-parfum-150ml/
Bleu de Chanel Eau de Parfum Chanel,Briki Parfums,CHANEL BLEU L’EXCLUSIF,"42,500 DZD",42500,In Stock,https://briki-parfums.com/new/chanel-bleu-lexclusif/
Bleu de Chanel Eau de Parfum Chanel,Briki Parfums,DÉODORANT STICK BLEU DE CHANEL,"12,500 DZD",12500,In Stock,https://briki-parfums.com/soin-corps-bain/deodorant-stick-bleu-de-chanel/
Bleu de Chanel Eau de Parfum Chanel,Briki Parfums,Chanel Bleu de Chanel,"24,500 DZD",24500,In Stock,https://briki-parfums.com/parfums-homme/chanel-bleu-de-chanel/
Bleu de Chanel Eau de Parfum Chanel,Briki Parfums,BLEU DE CHANEL DÉODORANT VAPORISATEUR,"13,500 DZD",13500,In Stock,https://briki-parfums.com/parfums-homme/bleu-de-chanel-deodorant-vaporisateur/
Bleu de Chanel Eau de Parfum Chanel,Briki Parfums,BLEU DE CHANEL ALL-OVER SPRAY,"19,500 DZD",19500,In Stock,https://briki-parfums.com/parfums-homme/bleu-de-chanel-all-over-spray/
Bleu de Chanel Eau de Parfum Chanel,Briki Parfums,BLEU DE CHANEL,"23,500 DZD",23500,In Stock,https://briki-parfums.com/parfums-homme/bleu-de-chanel-4/
Bleu de Chanel Eau de Parfum Chanel,Briki Parfums,BLEU DE CHANEL GEL DOUCHE,"12,500 DZD",12500,In Stock,https://briki-parfums.com/soin-corps-bain/bleu-de-chanel-gel-douche/
Bleu de Chanel Eau de Parfum Chanel,Briki Parfums,CHANEL BLEU DE CHANEL,"18,500 DZD",18500,In Stock,https://briki-parfums.com/parfums-homme/chanel-bleu-de-chanel-4/
Blue Seduction Antonio Banderas 200ML,Smell Good Dz,Antonio Banderas Blue Seduction Edt 80ml / 200ml (80ml),"9,000 DZD",9000,In Stock,https://smellgood-dz.com/products/antonio-banderas-blue-seduction-femme-edt-200ml
Blue Seduction Antonio Banderas 200ML,Smell Good Dz,Antonio Banderas Blue Seduction Edt 80ml / 200ml (200ml),"13,000 DZD",13000,In Stock,https://smellgood-dz.com/products/antonio-banderas-blue-seduction-femme-edt-200ml
Blue Seduction Antonio Banderas 200ML,Smell Good Dz,Antonio Banderas Blue Seduction (10ml),"1,200 DZD",1200,In Stock,https://smellgood-dz.com/products/antonio-banderas-blue-seduction
Blue Seduction Antonio Banderas 200ML,Smell Good Dz,Antonio Banderas Blue Seduction (20ml),"2,400 DZD",2400,In Stock,https://smellgood-dz.com/products/antonio-banderas-blue-seduction
Blue Seduction Antonio Banderas 200ML,Smell Good Dz,Antonio Banderas Blue Seduction (30ml),"3,600 DZD",3600,In Stock,https://smellgood-dz.com/products/antonio-banderas-blue-seduction
Blue Seduction Antonio Banderas 200ML,Smell Good Dz,Antonio Banderas Blue Seduction (40ml),"4,800 DZD",4800,In Stock,https://smellgood-dz.com/products/antonio-banderas-blue-seduction
Blue Seduction Antonio Banderas 200ML,Smell Good Dz,Antonio Banderas Blue Seduction (50ml),"6,000 DZD",6000,In Stock,https://smellgood-dz.com/products/antonio-banderas-blue-seduction
Blue Seduction Antonio Banderas 200ML,Smell Good Dz,Antonio Banderas Blue Seduction Edt 100ml / 200ml (100ml),"9,500 DZD",9500,In Stock,https://smellgood-dz.com/products/antonio-banderas-blue-seduction-edt-100ml-200ml
Blue Seduction Antonio Banderas 200ML,Smell Good Dz,Antonio Banderas Blue Seduction Edt 100ml / 200ml (200ml),"13,500 DZD",13500,In Stock,https://smellgood-dz.com/products/antonio-banderas-blue-seduction-edt-100ml-200ml
Blue Seduction Antonio Banderas 200ML,Odorem Dz,Antonio Banderas Blue seduction pour femme 200ml EDT,"10,800 DZD",10800,In Stock,https://odorem-dz.com/produit/antonio-banderas-blue-seduction-pour-femme-200ml-edt/
Blue Seduction Antonio Banderas 200ML,Odorem Dz,Antonio Banderas Blue seduction pour femme 200ml EDT,"10,800 DZD",10800,In Stock,https://odorem-dz.com/produit/antonio-banderas-blue-seduction-pour-femme-200ml-edt/
Blue Seduction Antonio Banderas 200ML,Odorem Dz,Antonio Banderas blue seduction 200ml,"11,800 DZD",11800,In Stock,https://odorem-dz.com/produit/antonio-banderas-blue-seduction-200ml/
Blue Seduction Antonio Banderas 200ML,Odorem Dz,Antonio Banderas blue seduction 200ml,"11,800 DZD",11800,In Stock,https://odorem-dz.com/produit/antonio-banderas-blue-seduction-200ml/
Blue Seduction Antonio Banderas 200ML,Briki Parfums,Antonio Banderas Blue Seduction,"7,500 DZD",7500,In Stock,https://briki-parfums.com/wp-content/uploads/2026/03/IMG_4990.jpeg
CHOPARD BLACK INCENCE MALAKIE EDP 80ML,Gallery Parfums Dz,COFFRET CHOPARD BLACK INCENSE MALAKI,"21,600 DZD",21600,In Stock,https://galleryparfums-dz.com/produit/coffret-chopard-black-incense-malaki/
CAROLINA HERRERA CHIC HOMME EDT 100ML,Smell Good Dz,Carolina Herrera Chic for Men Edt 100ml,"16,000 DZD",16000,In Stock,https://smellgood-dz.com/products/carolina-herrera-chic-for-men-edt-100ml
CAROLINA HERRERA CHIC HOMME EDT 100ML,Gallery Parfums Dz,CAROLINA HERRERA VERY GOOD GIRL GLAM 80ML EDP,"24,600 DZD",24600,In Stock,https://galleryparfums-dz.com/produit/carolina-herrera-very-good-girl-glam-80ml-edp/
CAROLINA HERRERA CHIC HOMME EDT 100ML,Gallery Parfums Dz,CH WOMAN – CAROLINA HERRERA,"15,600 DZD",15600,In Stock,https://galleryparfums-dz.com/produit/ch-woman-carolina-herrera/
CAROLINA HERRERA CHIC HOMME EDT 100ML,Briki Parfums,CAROLINA HERRERA CHIC,"11,500 DZD",11500,In Stock,https://briki-parfums.com/parfums-femme/carolina-herrera-chic/
CAROLINA HERRERA CHIC HOMME EDT 100ML,Briki Parfums,CAROLINA HERRERA CHIC FOR MEN,"14,500 DZD",14500,In Stock,https://briki-parfums.com/parfums-homme/carolina-herrera-chic-for-men/
CAROLINA HERRERA CHIC HOMME EDT 100ML,Briki Parfums,CAROLINA HERRERA 212 NYC DÉODORANT,"6,200 DZD",6200,In Stock,https://briki-parfums.com/parfums-homme/carolina-herrera-212-nyc-deodorant/
CAROLINA HERRERA CHIC HOMME EDT 100ML,Briki Parfums,CAROLINA HERRERA CH COFFRET,"18,500 DZD",18500,In Stock,https://briki-parfums.com/coffrets/carolina-herrera-ch-coffret/
CAROLINA HERRERA CHIC HOMME EDT 100ML,Briki Parfums,CAROLINA HERRERA 212 VIP BLACK SMILEY,"18,000 DZD",18000,In Stock,https://briki-parfums.com/parfums-homme/carolina-herrera-212-vip-black-smiley/
CAROLINA HERRERA CHIC HOMME EDT 100ML,Briki Parfums,CAROLINA HERRERA CH SPORT,"16,500 DZD",16500,In Stock,https://briki-parfums.com/parfums-homme/carolina-herrera-ch-sport/
CAROLINA HERRERA CHIC HOMME EDT 100ML,Briki Parfums,CAROLINA HERRERA CH,"17,500 DZD",17500,In Stock,https://briki-parfums.com/parfums-homme/carolina-herrera-ch/
CAROLINA HERRERA CHIC HOMME EDT 100ML,Briki Parfums,CAROLINA HERRERA 212 VIP ROSÉ,"16,500 DZD",16500,In Stock,https://briki-parfums.com/parfums-femme/carolina-herrera-212-vip-rose/
CAROLINA HERRERA CHIC HOMME EDT 100ML,Briki Parfums,CAROLINA HERRERA GOOD GIRL,"9,000 DZD",9000,In Stock,https://briki-parfums.com/parfums-femme/carolina-herrera-good-girl/
CAROLINA HERRERA CHIC HOMME EDT 100ML,Briki Parfums,CAROLINA HERRERA GOOD GIRL GOLD FANTASY,"21,500 DZD",21500,In Stock,https://briki-parfums.com/parfums-femme/good-girl-carolina-herrera-gold-fantasy/
CK IN2U EDT 150ML,Smell Good Dz,Calvin Klein Ck in2u (10ml),"1,200 DZD",1200,In Stock,https://smellgood-dz.com/products/calvin-klein-ck-in2u
CK IN2U EDT 150ML,Smell Good Dz,Calvin Klein Ck in2u (20ml),"2,400 DZD",2400,In Stock,https://smellgood-dz.com/products/calvin-klein-ck-in2u
CK IN2U EDT 150ML,Smell Good Dz,Calvin Klein Ck in2u (30ml),"3,600 DZD",3600,In Stock,https://smellgood-dz.com/products/calvin-klein-ck-in2u
CK IN2U EDT 150ML,Smell Good Dz,Calvin Klein Ck in2u (40ml),"4,800 DZD",4800,In Stock,https://smellgood-dz.com/products/calvin-klein-ck-in2u
CK IN2U EDT 150ML,Smell Good Dz,Calvin Klein Ck in2u (50ml),"6,000 DZD",6000,In Stock,https://smellgood-dz.com/products/calvin-klein-ck-in2u
CK IN2U EDT 150ML,Smell Good Dz,Calvin Klein Ck in2u Edt 150ml,"11,500 DZD",11500,In Stock,https://smellgood-dz.com/products/calvin-klein-in2u-femme-edt-150ml
CK IN2U EDT 150ML,Odorem Dz,CK IN2U for Her 150ml edt,"11,200 DZD",11200,In Stock,https://odorem-dz.com/produit/ck-in2u-for-her-150ml/
CK IN2U EDT 150ML,Odorem Dz,CK IN2U for Her 150ml edt,"11,200 DZD",11200,In Stock,https://odorem-dz.com/produit/ck-in2u-for-her-150ml/
CK IN2U EDT 150ML,Odorem Dz,CK IN2U For Him Calvin Klein EDT 150ml,"11,200 DZD",11200,In Stock,https://odorem-dz.com/produit/ck-in2u-for-him-calvin-klein-edt-150ml/
CK IN2U EDT 150ML,Odorem Dz,CK IN2U For Him Calvin Klein EDT 150ml,"11,200 DZD",11200,In Stock,https://odorem-dz.com/produit/ck-in2u-for-him-calvin-klein-edt-150ml/
CK IN2U EDT 150ML,Gallery Parfums Dz,CK IN2U FOR HER,"12,900 DZD",12900,In Stock,https://galleryparfums-dz.com/produit/ck-in2u-for-her/
CK IN2U EDT 150ML,Briki Parfums,CALVIN KLEIN CK IN2U GOLD 150 ml,"8,000 DZD",8000,In Stock,https://briki-parfums.com/parfums-femme/calvin-klein-ck-in2u-2/
CK IN2U EDT 150ML,Briki Parfums,CALVIN KLEIN CK IN2U,"8,000 DZD",8000,In Stock,https://briki-parfums.com/parfums-homme/calvin-klein-ck-in2u/
CHOPARD OUD MALAKI EDP 80ML,Odorem Dz,Chopard oud malaki 80ml edp,"15,200 DZD",15200,In Stock,https://odorem-dz.com/produit/chopard-oud-malaki-80ml-edp/
CHOPARD OUD MALAKI EDP 80ML,Odorem Dz,Chopard oud malaki 80ml edp,"15,200 DZD",15200,In Stock,https://odorem-dz.com/produit/chopard-oud-malaki-80ml-edp/
CHOPARD OUD MALAKI EDP 80ML,Gallery Parfums Dz,COFFRET CHOPARD OUD MALAKI,"21,600 DZD",21600,In Stock,https://galleryparfums-dz.com/produit/coffret-chopard-oud-malaki/
CHOPARD OUD MALAKI EDP 80ML,Briki Parfums,CHOPARD OUD MALAKI,"16,500 DZD",16500,In Stock,https://briki-parfums.com/wp-content/uploads/2023/03/27656D69-B5D5-4C87-9DB3-1BA8CAFEE9BE.jpeg
CK ONE EDT 200ML,Smell Good Dz,Calvin Klein Ck One (10ml),"1,300 DZD",1300,In Stock,https://smellgood-dz.com/products/calvin-klein-ck-one-3
CK ONE EDT 200ML,Smell Good Dz,Calvin Klein Ck One (20ml),"2,600 DZD",2600,In Stock,https://smellgood-dz.com/products/calvin-klein-ck-one-3
CK ONE EDT 200ML,Smell Good Dz,Calvin Klein Ck One (30ml),"3,900 DZD",3900,In Stock,https://smellgood-dz.com/products/calvin-klein-ck-one-3
CK ONE EDT 200ML,Smell Good Dz,Calvin Klein Ck One (40ml),"5,200 DZD",5200,In Stock,https://smellgood-dz.com/products/calvin-klein-ck-one-3
CK ONE EDT 200ML,Smell Good Dz,Calvin Klein Ck One (50ml),"6,500 DZD",6500,In Stock,https://smellgood-dz.com/products/calvin-klein-ck-one-3
CK ONE EDT 200ML,Smell Good Dz,Calvin Klein Ck One (100ml),"3,500 DZD",3500,In Stock,https://smellgood-dz.com/products/calvin-klein-ck-one-2
CK ONE EDT 200ML,Smell Good Dz,Calvin Klein Ck One (200ml),"5,000 DZD",5000,In Stock,https://smellgood-dz.com/products/calvin-klein-ck-one-2
CK ONE EDT 200ML,Smell Good Dz,Calvin Klein Ck One Edt 100ml / 200ml (100ml),"10,500 DZD",10500,In Stock,https://smellgood-dz.com/products/calvin-klein-ck-one-edt-100ml-200ml
CK ONE EDT 200ML,Smell Good Dz,Calvin Klein Ck One Edt 100ml / 200ml (200ml),"13,500 DZD",13500,In Stock,https://smellgood-dz.com/products/calvin-klein-ck-one-edt-100ml-200ml
CK ONE EDT 200ML,Smell Good Dz,Calvin Klein Ck One,"5,000 DZD",5000,In Stock,https://smellgood-dz.com/products/calvin-klein-ck-one-1
CK ONE EDT 200ML,Smell Good Dz,Calvin Klein Ck One,"5,000 DZD",5000,In Stock,https://smellgood-dz.com/products/calvin-klein-ck-one
CK ONE EDT 200ML,Odorem Dz,Pack promo ck one EDT,"15,800 DZD",15800,In Stock,https://odorem-dz.com/produit/pack-promo-ck-one-edt/
CK ONE EDT 200ML,Odorem Dz,Pack promo ck one EDT,"15,800 DZD",15800,In Stock,https://odorem-dz.com/produit/pack-promo-ck-one-edt/
CK ONE EDT 200ML,Odorem Dz,Lait corporel Ck one calvin Klein 250ml,"9,200 DZD",9200,In Stock,https://odorem-dz.com/produit/lait-corporel-ck-one-calvin-klein-250ml/
CK ONE EDT 200ML,Odorem Dz,Lait corporel Ck one calvin Klein 250ml,"9,200 DZD",9200,In Stock,https://odorem-dz.com/produit/lait-corporel-ck-one-calvin-klein-250ml/
CK ONE EDT 200ML,Odorem Dz,CK One Reflections 100ml,"10,000 DZD",10000,In Stock,https://odorem-dz.com/produit/produit-8/
CK ONE EDT 200ML,Odorem Dz,CK One Reflections 100ml,"10,000 DZD",10000,In Stock,https://odorem-dz.com/produit/produit-8/
CK ONE EDT 200ML,Odorem Dz,CK One Shock For Him 100ml edt,"11,000 DZD",11000,In Stock,https://odorem-dz.com/produit/ck-one-shock-for-him-100ml-edt/
CK ONE EDT 200ML,Odorem Dz,CK One Shock For Him 100ml edt,"11,000 DZD",11000,In Stock,https://odorem-dz.com/produit/ck-one-shock-for-him-100ml-edt/
CK ONE EDT 200ML,Odorem Dz,CK One Gold 100ml edt,"10,500 DZD",10500,In Stock,https://odorem-dz.com/produit/ck-one-gold-100ml-edt/
CK ONE EDT 200ML,Odorem Dz,CK One Gold 100ml edt,"10,500 DZD",10500,In Stock,https://odorem-dz.com/produit/ck-one-gold-100ml-edt/
CK ONE EDT 200ML,Odorem Dz,Stick CK One 75ml,"4,800 DZD",4800,In Stock,https://odorem-dz.com/produit/stick-ck-one-75ml/
CK ONE EDT 200ML,Odorem Dz,Stick CK One 75ml,"4,800 DZD",4800,In Stock,https://odorem-dz.com/produit/stick-ck-one-75ml/
CK ONE EDT 200ML,Odorem Dz,CK One Shock For Him 200ml edt,"9,900 DZD",9900,In Stock,https://odorem-dz.com/produit/ck-one-shock-for-him-200ml-edt/
CK ONE EDT 200ML,Odorem Dz,CK One Shock For Him 200ml edt,"9,900 DZD",9900,In Stock,https://odorem-dz.com/produit/ck-one-shock-for-him-200ml-edt/
CK ONE EDT 200ML,Odorem Dz,CK One Shock For Her 200ml edt,"12,200 DZD",12200,In Stock,https://odorem-dz.com/produit/ck-one-shock-for-her-200ml-edt/
CK ONE EDT 200ML,Odorem Dz,CK One Shock For Her 200ml edt,"12,200 DZD",12200,In Stock,https://odorem-dz.com/produit/ck-one-shock-for-her-200ml-edt/
CK ONE EDT 200ML,Odorem Dz,Ck one Eau de Toilette 200ml,"12,500 DZD",12500,In Stock,https://odorem-dz.com/produit/ck-one-eau-de-toilette-200ml/
CK ONE EDT 200ML,Odorem Dz,Ck one Eau de Toilette 200ml,"12,500 DZD",12500,In Stock,https://odorem-dz.com/produit/ck-one-eau-de-toilette-200ml/
CK ONE EDT 200ML,Gallery Parfums Dz,CK ONE,"106,000,012,600,001,060,000,126 DZD",106000012600001060000126,In Stock,https://galleryparfums-dz.com/produit/ck-one/
CK ONE EDT 200ML,Briki Parfums,CALVIN KLEIN CK ONE SHOCK,"9,500 DZD",9500,In Stock,https://briki-parfums.com/parfums-femme/calvin-klein-ck-one-shock/
CK ONE EDT 200ML,Briki Parfums,COFFRET CALVIN KLEIN CK ONE,"16,500 DZD",16500,In Stock,https://briki-parfums.com/coffrets/coffret-calvin-klein-ck-one/
CK ONE EDT 200ML,Briki Parfums,CALVIN KLEIN CK One Summer,"7,500 DZD",7500,In Stock,https://briki-parfums.com/parfums-homme/calvin-klein-ck-one-summer/
CK ONE EDT 200ML,Briki Parfums,GEL DOUCHE CALVIN KLEIN CK ONE,"4,500 DZD",4500,In Stock,https://briki-parfums.com/soin-corps-bain/gel-douche-calvin-klein-ck-one/
CK ONE EDT 200ML,Briki Parfums,Stick Calvin Klein CK One 75 g,"4,500 DZD",4500,In Stock,https://briki-parfums.com/soin-corps-bain/stick-calvin-klein-ck-one-75ml/
CK ONE EDT 200ML,Briki Parfums,Calvin Klein CK One Gold,"9,800 DZD",9800,In Stock,https://briki-parfums.com/parfums-homme/calvin-klein-ck-one-gold/
CK ONE EDT 200ML,Briki Parfums,CALVIN KLEIN CK ONE SHOCK FOR HIM,"11,500 DZD",11500,In Stock,https://briki-parfums.com/parfums-homme/clavin-klein-ck-one-shock-for-him/
CK ONE EDT 200ML,Briki Parfums,CALVIN KLEIN CK ONE,"11,500 DZD",11500,In Stock,https://briki-parfums.com/parfums-homme/calvin-klein-ck-one/
CLINIQUE HAPPY COLOGNE FOR MEN EDT 100ML,Briki Parfums,Clinique Happy For Men & Premier Jour,"21,000 DZD",21000,In Stock,https://briki-parfums.com/wp-content/uploads/2025/07/IMG_1284.jpg
Chrome Legend Azzaro EDT 125ML,Smell Good Dz,Azzaro Chrome Legend (10ml),"1,500 DZD",1500,In Stock,https://smellgood-dz.com/products/azzaro-chrome-legend
Chrome Legend Azzaro EDT 125ML,Smell Good Dz,Azzaro Chrome Legend (20ml),"3,000 DZD",3000,In Stock,https://smellgood-dz.com/products/azzaro-chrome-legend
Chrome Legend Azzaro EDT 125ML,Smell Good Dz,Azzaro Chrome Legend (30ml),"4,500 DZD",4500,In Stock,https://smellgood-dz.com/products/azzaro-chrome-legend
Chrome Legend Azzaro EDT 125ML,Smell Good Dz,Azzaro Chrome Legend (40ml),"6,000 DZD",6000,In Stock,https://smellgood-dz.com/products/azzaro-chrome-legend
Chrome Legend Azzaro EDT 125ML,Smell Good Dz,Azzaro Chrome Legend (50ml),"7,500 DZD",7500,In Stock,https://smellgood-dz.com/products/azzaro-chrome-legend
Chrome Legend Azzaro EDT 125ML,Smell Good Dz,Azzaro Chrome Legend Edt 75ml / 125ml (75ml),"9,000 DZD",9000,In Stock,https://smellgood-dz.com/products/azzaro-chrome-legend-edt-75ml-125ml
Chrome Legend Azzaro EDT 125ML,Smell Good Dz,Azzaro Chrome Legend Edt 75ml / 125ml (125ml),"13,000 DZD",13000,In Stock,https://smellgood-dz.com/products/azzaro-chrome-legend-edt-75ml-125ml
D&G Light Blue EDP Intense 100ML,Smell Good Dz,Dolce & Gabbana Light Blue Eau Intense (10ml),"2,600 DZD",2600,In Stock,https://smellgood-dz.com/products/dolce-gabbana-light-blue-eau-intense-1
D&G Light Blue EDP Intense 100ML,Smell Good Dz,Dolce & Gabbana Light Blue Eau Intense (20ml),"5,200 DZD",5200,In Stock,https://smellgood-dz.com/products/dolce-gabbana-light-blue-eau-intense-1
D&G Light Blue EDP Intense 100ML,Smell Good Dz,Dolce & Gabbana Light Blue Eau Intense (30ml),"7,800 DZD",7800,In Stock,https://smellgood-dz.com/products/dolce-gabbana-light-blue-eau-intense-1
D&G Light Blue EDP Intense 100ML,Smell Good Dz,Dolce & Gabbana Light Blue Eau Intense (40ml),"10,400 DZD",10400,In Stock,https://smellgood-dz.com/products/dolce-gabbana-light-blue-eau-intense-1
D&G Light Blue EDP Intense 100ML,Smell Good Dz,Dolce & Gabbana Light Blue Eau Intense (50ml),"13,000 DZD",13000,In Stock,https://smellgood-dz.com/products/dolce-gabbana-light-blue-eau-intense-1
D&G Light Blue EDP Intense 100ML,Smell Good Dz,Dolce & Gabbana Light Blue Eau Intense (10ml),"2,500 DZD",2500,In Stock,https://smellgood-dz.com/products/dolce-gabbana-light-blue-eau-intense
D&G Light Blue EDP Intense 100ML,Smell Good Dz,Dolce & Gabbana Light Blue Eau Intense (20ml),"5,000 DZD",5000,In Stock,https://smellgood-dz.com/products/dolce-gabbana-light-blue-eau-intense
D&G Light Blue EDP Intense 100ML,Smell Good Dz,Dolce & Gabbana Light Blue Eau Intense (30ml),"7,500 DZD",7500,In Stock,https://smellgood-dz.com/products/dolce-gabbana-light-blue-eau-intense
D&G Light Blue EDP Intense 100ML,Smell Good Dz,Dolce & Gabbana Light Blue Eau Intense (40ml),"10,000 DZD",10000,In Stock,https://smellgood-dz.com/products/dolce-gabbana-light-blue-eau-intense
D&G Light Blue EDP Intense 100ML,Smell Good Dz,Dolce & Gabbana Light Blue Eau Intense (50ml),"12,500 DZD",12500,In Stock,https://smellgood-dz.com/products/dolce-gabbana-light-blue-eau-intense
D&G Light Blue EDP Intense 100ML,Smell Good Dz,Dolce & Gabbana Light Blue Eau Intense Edp 50ml / 100ml / 200ml (50ml),"18,000 DZD",18000,In Stock,https://smellgood-dz.com/products/dolce-gabbana-light-blue-eau-intense-edp-50ml-100ml-200ml
D&G Light Blue EDP Intense 100ML,Smell Good Dz,Dolce & Gabbana Light Blue Eau Intense Edp 50ml / 100ml / 200ml (100ml),"23,000 DZD",23000,In Stock,https://smellgood-dz.com/products/dolce-gabbana-light-blue-eau-intense-edp-50ml-100ml-200ml
D&G Light Blue EDP Intense 100ML,Smell Good Dz,Dolce & Gabbana Light Blue Eau Intense Edp 50ml / 100ml / 200ml (200ml),"31,000 DZD",31000,In Stock,https://smellgood-dz.com/products/dolce-gabbana-light-blue-eau-intense-edp-50ml-100ml-200ml
D&G Light Blue EDP Intense 100ML,Smell Good Dz,Dolce & Gabbana Light Blue Eau Intense Edp 100ml,"24,000 DZD",24000,In Stock,https://smellgood-dz.com/products/dolce-gabbana-light-blue-eau-intense-edp-100ml
D&G Light Blue EDP Intense 100ML,Odorem Dz,Light Blue Eau Intense 100ml EDP,"18,800 DZD",18800,In Stock,https://odorem-dz.com/produit/light-blue-eau-intense-100ml-edp/
D&G Light Blue EDP Intense 100ML,Odorem Dz,Light Blue Eau Intense 100ml EDP,"18,800 DZD",18800,In Stock,https://odorem-dz.com/produit/light-blue-eau-intense-100ml-edp/
D&G Light Blue EDP Intense 100ML,Odorem Dz,Light Blue Eau Intense 200ml,"29,900 DZD",29900,In Stock,https://odorem-dz.com/produit/light-blue-eau-intense-200ml/
D&G Light Blue EDP Intense 100ML,Odorem Dz,Light Blue Eau Intense 200ml,"29,900 DZD",29900,In Stock,https://odorem-dz.com/produit/light-blue-eau-intense-200ml/
D&G Light Blue EDP Intense 100ML,Briki Parfums,DOLCE & GABBANA LIGHT BLUE EAU INTENSE FOR HER,"17,500 DZD",17500,In Stock,https://briki-parfums.com/parfums-femme/dolce-gabbana-light-blue-eau-intense-for-her/
D&G Light Blue EDP Intense 100ML,Briki Parfums,Dolce Gabbana Light blue Eau intense,"18,500 DZD",18500,In Stock,https://briki-parfums.com/parfums-homme/dolce-gabbana-light-blue-eau-intense/
D&G Light Blue EDP Intense 100ML,Briki Parfums,DOLCE & GABBANA Light Blue Capri,"19,800 DZD",19800,In Stock,https://briki-parfums.com/parfums-homme/dolce-gabbana-light-blue-capri/
D&G Light Blue EDP Intense 100ML,Briki Parfums,DOLCE & GABBANA LIGHT BLUE ITALIAN LOVE,"15,500 DZD",15500,In Stock,https://briki-parfums.com/parfums-femme/dolce-gabbana-light-blue-italian-love/
Clinique Happy EDT 100ML,Smell Good Dz,Clinique Happy for Men Edt 100ml,"12,500 DZD",12500,In Stock,https://smellgood-dz.com/products/clinique-happy-for-men-edt-100ml
Clinique Happy EDT 100ML,Smell Good Dz,Clinique Happy for Men,"3,500 DZD",3500,In Stock,https://smellgood-dz.com/products/clinique-happy-for-men-deodorant-200ml
Clinique Happy EDT 100ML,Briki Parfums,Clinique Happy For Men & Premier Jour,"21,000 DZD",21000,In Stock,https://briki-parfums.com/promotion-couple-ete/clinique-happy-for-men-premier-jour/
Clinique Happy EDT 100ML,Briki Parfums,Clinique Happy déodorant spray,"1,800 DZD",1800,In Stock,https://briki-parfums.com/parfums-homme/clinique-happy-2/
Clinique Happy EDT 100ML,Briki Parfums,CLINIQUE HAPPY,"11,000 DZD",11000,In Stock,https://briki-parfums.com/promo/clinique-happy/
Clinique Happy EDT 100ML,Briki Parfums,CLINIQUE HAPPY FOR MEN,"9,000 DZD",9000,In Stock,https://briki-parfums.com/promo/clinique-happy-for-men/
DIOR HOMME SPORT EDT 200ML,Smell Good Dz,Dior Homme Sport Edt 75ml / 125ml / 200ml (75ml),"23,000 DZD",23000,In Stock,https://smellgood-dz.com/products/dior-homme-sport-edt-125ml
DIOR HOMME SPORT EDT 200ML,Smell Good Dz,Dior Homme Sport Edt 75ml / 125ml / 200ml (125ml),"28,000 DZD",28000,In Stock,https://smellgood-dz.com/products/dior-homme-sport-edt-125ml
DIOR HOMME SPORT EDT 200ML,Smell Good Dz,Dior Homme Sport Edt 75ml / 125ml / 200ml (200ml),"40,000 DZD",40000,In Stock,https://smellgood-dz.com/products/dior-homme-sport-edt-125ml
DIOR HOMME SPORT EDT 200ML,Odorem Dz,Dior Homme Sport 200ml EDT,"39,000 DZD",39000,In Stock,https://odorem-dz.com/produit/dior-homme-sport-200ml-edp/
DIOR HOMME SPORT EDT 200ML,Odorem Dz,Dior Homme Sport 200ml EDT,"39,000 DZD",39000,In Stock,https://odorem-dz.com/produit/dior-homme-sport-200ml-edp/
DIOR HOMME SPORT EDT 200ML,Odorem Dz,Dior Homme sport 125ml edt,"27,700 DZD",27700,In Stock,https://odorem-dz.com/produit/dior-homme-sport-125ml-edt/
DIOR HOMME SPORT EDT 200ML,Odorem Dz,Dior Homme sport 125ml edt,"27,700 DZD",27700,In Stock,https://odorem-dz.com/produit/dior-homme-sport-125ml-edt/
DIOR HOMME SPORT EDT 200ML,Briki Parfums,DIOR  HOMME SPORT,"29,500 DZD",29500,In Stock,https://briki-parfums.com/parfums-homme/dior-dior-homme-sport/
DIOR HOMME INTENSE EDP 150ML,Smell Good Dz,Dior Homme Intense (10ml),"3,400 DZD",3400,In Stock,https://smellgood-dz.com/products/dior-homme-intense
DIOR HOMME INTENSE EDP 150ML,Smell Good Dz,Dior Homme Intense (20ml),"6,800 DZD",6800,In Stock,https://smellgood-dz.com/products/dior-homme-intense
DIOR HOMME INTENSE EDP 150ML,Smell Good Dz,Dior Homme Intense (30ml),"10,200 DZD",10200,In Stock,https://smellgood-dz.com/products/dior-homme-intense
DIOR HOMME INTENSE EDP 150ML,Smell Good Dz,Dior Homme Intense (40ml),"13,600 DZD",13600,In Stock,https://smellgood-dz.com/products/dior-homme-intense
DIOR HOMME INTENSE EDP 150ML,Smell Good Dz,Dior Homme Intense (50ml),"17,000 DZD",17000,In Stock,https://smellgood-dz.com/products/dior-homme-intense
DIOR HOMME INTENSE EDP 150ML,Smell Good Dz,Dior Joy Intense 90ml,"31,000 DZD",31000,In Stock,https://smellgood-dz.com/products/dior-joy-intense-90ml
DIOR HOMME INTENSE EDP 150ML,Smell Good Dz,Dior Homme Intense Edp 50ml / 100ml / 150ml (2025) (50ml),"25,000 DZD",25000,In Stock,https://smellgood-dz.com/products/dior-homme-intense-edp-100ml-150ml-2025
DIOR HOMME INTENSE EDP 150ML,Smell Good Dz,Dior Homme Intense Edp 50ml / 100ml / 150ml (2025) (100ml),"31,000 DZD",31000,In Stock,https://smellgood-dz.com/products/dior-homme-intense-edp-100ml-150ml-2025
DIOR HOMME INTENSE EDP 150ML,Smell Good Dz,Dior Homme Intense Edp 50ml / 100ml / 150ml (2025) (150ml),"38,500 DZD",38500,In Stock,https://smellgood-dz.com/products/dior-homme-intense-edp-100ml-150ml-2025
DIOR HOMME INTENSE EDP 150ML,Smell Good Dz,Dior Homme Intense Edp 50ml / 100ml / 150ml (50ml),"27,000 DZD",27000,In Stock,https://smellgood-dz.com/products/dior-homme-intense-edp-50ml-100ml-150ml
DIOR HOMME INTENSE EDP 150ML,Smell Good Dz,Dior Homme Intense Edp 50ml / 100ml / 150ml (100ml),"33,000 DZD",33000,In Stock,https://smellgood-dz.com/products/dior-homme-intense-edp-50ml-100ml-150ml
DIOR HOMME INTENSE EDP 150ML,Smell Good Dz,Dior Homme Intense Edp 50ml / 100ml / 150ml (150ml),"41,000 DZD",41000,In Stock,https://smellgood-dz.com/products/dior-homme-intense-edp-50ml-100ml-150ml
DIOR HOMME INTENSE EDP 150ML,Odorem Dz,Dior J’adore Intense 100ml,"36,500 DZD",36500,In Stock,https://odorem-dz.com/produit/dior-jadore-intense-100ml/
DIOR HOMME INTENSE EDP 150ML,Odorem Dz,Dior J’adore Intense 100ml,"36,500 DZD",36500,In Stock,https://odorem-dz.com/produit/dior-jadore-intense-100ml/
DIOR HOMME INTENSE EDP 150ML,Odorem Dz,Dior Joy intense 90ml,"29,500 DZD",29500,In Stock,https://odorem-dz.com/produit/dior-joy-intense-90ml/
DIOR HOMME INTENSE EDP 150ML,Odorem Dz,Dior Joy intense 90ml,"29,500 DZD",29500,In Stock,https://odorem-dz.com/produit/dior-joy-intense-90ml/
DIOR HOMME INTENSE EDP 150ML,Odorem Dz,Dior Homme intense 150ml edp,"37,500 DZD",37500,In Stock,https://odorem-dz.com/produit/dior-homme-intense-150ml-edp/
DIOR HOMME INTENSE EDP 150ML,Odorem Dz,Dior Homme intense 150ml edp,"37,500 DZD",37500,In Stock,https://odorem-dz.com/produit/dior-homme-intense-150ml-edp/
DIOR HOMME INTENSE EDP 150ML,Odorem Dz,Dior Homme intense 100ml EDP,"30,800 DZD",30800,In Stock,https://odorem-dz.com/produit/dior-homme-intense-eau-de-parfum-100ml/
DIOR HOMME INTENSE EDP 150ML,Odorem Dz,Dior Homme intense 100ml EDP,"30,800 DZD",30800,In Stock,https://odorem-dz.com/produit/dior-homme-intense-eau-de-parfum-100ml/
DIOR HOMME INTENSE EDP 150ML,Briki Parfums,DIOR J’adore Intense,"38,500 DZD",38500,In Stock,https://briki-parfums.com/new/dior-jadore-intense/
DIOR HOMME INTENSE EDP 150ML,Briki Parfums,DIOR HOMME  INTENSE,"29,500 DZD",29500,In Stock,https://briki-parfums.com/parfums-homme/dior-dior-homme-intense/
DIOR COLOGNE HOMME EDC 200ML,Smell Good Dz,Dior Homme Cologne (10ml),"2,700 DZD",2700,In Stock,https://smellgood-dz.com/products/dior-homme-cologne
DIOR COLOGNE HOMME EDC 200ML,Smell Good Dz,Dior Homme Cologne (20ml),"5,400 DZD",5400,In Stock,https://smellgood-dz.com/products/dior-homme-cologne
DIOR COLOGNE HOMME EDC 200ML,Smell Good Dz,Dior Homme Cologne (30ml),"8,100 DZD",8100,In Stock,https://smellgood-dz.com/products/dior-homme-cologne
DIOR COLOGNE HOMME EDC 200ML,Smell Good Dz,Dior Homme Cologne (40ml),"10,800 DZD",10800,In Stock,https://smellgood-dz.com/products/dior-homme-cologne
DIOR COLOGNE HOMME EDC 200ML,Smell Good Dz,Dior Homme Cologne (50ml),"13,500 DZD",13500,In Stock,https://smellgood-dz.com/products/dior-homme-cologne
DIOR COLOGNE HOMME EDC 200ML,Smell Good Dz,Dior Homme Cologne Edt 75ml / 125ml / 200ml (75ml),"25,000 DZD",25000,In Stock,https://smellgood-dz.com/products/dior-homme-cologne-edt-75ml-125ml
DIOR COLOGNE HOMME EDC 200ML,Smell Good Dz,Dior Homme Cologne Edt 75ml / 125ml / 200ml (125ml),"30,000 DZD",30000,In Stock,https://smellgood-dz.com/products/dior-homme-cologne-edt-75ml-125ml
DIOR COLOGNE HOMME EDC 200ML,Smell Good Dz,Dior Homme Cologne Edt 75ml / 125ml / 200ml (200ml),"40,000 DZD",40000,In Stock,https://smellgood-dz.com/products/dior-homme-cologne-edt-75ml-125ml
DIOR COLOGNE HOMME EDC 200ML,Odorem Dz,Dior Homme Cologne 200ml EDP,"45,000,004,500,000,400,000,040,000 DZD",45000004500000400000040000,In Stock,https://odorem-dz.com/produit/dior-homme-cologne-200ml-edp/
DIOR COLOGNE HOMME EDC 200ML,Odorem Dz,Dior Homme Cologne 200ml EDP,"45,000,004,500,000,400,000,040,000 DZD",45000004500000400000040000,In Stock,https://odorem-dz.com/produit/dior-homme-cologne-200ml-edp/
DIOR COLOGNE HOMME EDC 200ML,Odorem Dz,Dior Homme Cologne 125ml,"29,800 DZD",29800,In Stock,https://odorem-dz.com/produit/dior-homme-cologne-125ml-edt/
DIOR COLOGNE HOMME EDC 200ML,Odorem Dz,Dior Homme Cologne 125ml,"29,800 DZD",29800,In Stock,https://odorem-dz.com/produit/dior-homme-cologne-125ml-edt/
DIOR COLOGNE HOMME EDC 200ML,Briki Parfums,DIOR Homme Cologne,"19,500 DZD",19500,In Stock,https://briki-parfums.com/wp-content/uploads/2024/05/dior-dior-homme-cologne-125ml_16132226_33336540_1000.jpg
DIOR HOMME PARFUM 125ML,Smell Good Dz,Dior Poison Girl Edp 100ml,"35,000 DZD",35000,In Stock,https://smellgood-dz.com/products/dior-poison-girl-edp-100ml
DIOR HOMME PARFUM 125ML,Smell Good Dz,Dior Miss Dior (10ml),"3,800 DZD",3800,In Stock,https://smellgood-dz.com/products/dior-miss-dior-1
DIOR HOMME PARFUM 125ML,Smell Good Dz,Dior Miss Dior (20ml),"7,600 DZD",7600,In Stock,https://smellgood-dz.com/products/dior-miss-dior-1
DIOR HOMME PARFUM 125ML,Smell Good Dz,Dior Miss Dior (30ml),"11,400 DZD",11400,In Stock,https://smellgood-dz.com/products/dior-miss-dior-1
DIOR HOMME PARFUM 125ML,Smell Good Dz,Dior Miss Dior (40ml),"15,200 DZD",15200,In Stock,https://smellgood-dz.com/products/dior-miss-dior-1
DIOR HOMME PARFUM 125ML,Smell Good Dz,Dior Miss Dior (50ml),"19,000 DZD",19000,In Stock,https://smellgood-dz.com/products/dior-miss-dior-1
DIOR HOMME PARFUM 125ML,Smell Good Dz,Dior Homme Parfum (2025) (10ml),"5,400 DZD",5400,In Stock,https://smellgood-dz.com/products/dior-homme-parfum-2025
DIOR HOMME PARFUM 125ML,Smell Good Dz,Dior Homme Parfum (2025) (20ml),"10,800 DZD",10800,In Stock,https://smellgood-dz.com/products/dior-homme-parfum-2025
DIOR HOMME PARFUM 125ML,Smell Good Dz,Dior Homme Parfum (2025) (30ml),"16,200 DZD",16200,In Stock,https://smellgood-dz.com/products/dior-homme-parfum-2025
DIOR HOMME PARFUM 125ML,Smell Good Dz,Dior Homme Parfum (2025) (40ml),"21,600 DZD",21600,In Stock,https://smellgood-dz.com/products/dior-homme-parfum-2025
DIOR HOMME PARFUM 125ML,Smell Good Dz,Dior Homme Parfum (2025) (50ml),"27,000 DZD",27000,In Stock,https://smellgood-dz.com/products/dior-homme-parfum-2025
DIOR HOMME PARFUM 125ML,Smell Good Dz,Dior Homme Cologne (10ml),"2,700 DZD",2700,In Stock,https://smellgood-dz.com/products/dior-homme-cologne
DIOR HOMME PARFUM 125ML,Smell Good Dz,Dior Homme Cologne (20ml),"5,400 DZD",5400,In Stock,https://smellgood-dz.com/products/dior-homme-cologne
DIOR HOMME PARFUM 125ML,Smell Good Dz,Dior Homme Cologne (30ml),"8,100 DZD",8100,In Stock,https://smellgood-dz.com/products/dior-homme-cologne
DIOR HOMME PARFUM 125ML,Smell Good Dz,Dior Homme Cologne (40ml),"10,800 DZD",10800,In Stock,https://smellgood-dz.com/products/dior-homme-cologne
DIOR HOMME PARFUM 125ML,Smell Good Dz,Dior Homme Cologne (50ml),"13,500 DZD",13500,In Stock,https://smellgood-dz.com/products/dior-homme-cologne
DIOR HOMME PARFUM 125ML,Smell Good Dz,Dior Collection Privée Oud Ispahane (10ml),"7,100 DZD",7100,In Stock,https://smellgood-dz.com/products/dior-collection-privee-oud-ispahane
DIOR HOMME PARFUM 125ML,Smell Good Dz,Dior Collection Privée Oud Ispahane (20ml),"14,200 DZD",14200,In Stock,https://smellgood-dz.com/products/dior-collection-privee-oud-ispahane
DIOR HOMME PARFUM 125ML,Smell Good Dz,Dior Collection Privée Oud Ispahane (30ml),"21,300 DZD",21300,In Stock,https://smellgood-dz.com/products/dior-collection-privee-oud-ispahane
DIOR HOMME PARFUM 125ML,Smell Good Dz,Dior Collection Privée Oud Ispahane (40ml),"28,400 DZD",28400,In Stock,https://smellgood-dz.com/products/dior-collection-privee-oud-ispahane
DIOR HOMME PARFUM 125ML,Smell Good Dz,Dior Collection Privée Oud Ispahane (50ml),"35,500 DZD",35500,In Stock,https://smellgood-dz.com/products/dior-collection-privee-oud-ispahane
DIOR HOMME PARFUM 125ML,Smell Good Dz,Dior Collection Privée Iviera (10ml),"7,100 DZD",7100,In Stock,https://smellgood-dz.com/products/dior-collection-privee-iviera
DIOR HOMME PARFUM 125ML,Smell Good Dz,Dior Collection Privée Iviera (20ml),"14,200 DZD",14200,In Stock,https://smellgood-dz.com/products/dior-collection-privee-iviera
DIOR HOMME PARFUM 125ML,Smell Good Dz,Dior Collection Privée Iviera (30ml),"21,300 DZD",21300,In Stock,https://smellgood-dz.com/products/dior-collection-privee-iviera
DIOR HOMME PARFUM 125ML,Smell Good Dz,Dior Collection Privée Iviera (40ml),"28,400 DZD",28400,In Stock,https://smellgood-dz.com/products/dior-collection-privee-iviera
DIOR HOMME PARFUM 125ML,Smell Good Dz,Dior Collection Privée Iviera (50ml),"35,500 DZD",35500,In Stock,https://smellgood-dz.com/products/dior-collection-privee-iviera
DIOR HOMME PARFUM 125ML,Smell Good Dz,Dior J'adore l'or 80ml,"42,500 DZD",42500,In Stock,https://smellgood-dz.com/products/dior-jadore-lor-essence-de-parfum-80ml
DIOR HOMME PARFUM 125ML,Smell Good Dz,Dior Homme Parfum 100ml,"55,000 DZD",55000,Out of Stock,https://smellgood-dz.com/products/dior-homme-parfum-100ml
DIOR HOMME PARFUM 125ML,Smell Good Dz,Dior Eau Sauvage (10ml),"2,800 DZD",2800,In Stock,https://smellgood-dz.com/products/dior-eau-sauvage
DIOR HOMME PARFUM 125ML,Smell Good Dz,Dior Eau Sauvage (20ml),"5,600 DZD",5600,In Stock,https://smellgood-dz.com/products/dior-eau-sauvage
DIOR HOMME PARFUM 125ML,Smell Good Dz,Dior Eau Sauvage (30ml),"8,400 DZD",8400,In Stock,https://smellgood-dz.com/products/dior-eau-sauvage
DIOR HOMME PARFUM 125ML,Smell Good Dz,Dior Eau Sauvage (40ml),"11,200 DZD",11200,In Stock,https://smellgood-dz.com/products/dior-eau-sauvage
DIOR HOMME PARFUM 125ML,Smell Good Dz,Dior Eau Sauvage (50ml),"14,000 DZD",14000,In Stock,https://smellgood-dz.com/products/dior-eau-sauvage
DIOR HOMME PARFUM 125ML,Smell Good Dz,Dior Miss Dior Blooming Bouquet Edt 100ml,"29,500 DZD",29500,In Stock,https://smellgood-dz.com/products/dior-miss-dior-blooming-bouquet-edt-100ml
DIOR HOMME PARFUM 125ML,Smell Good Dz,Dior Pure Poison Edp 100ml,"38,000 DZD",38000,In Stock,https://smellgood-dz.com/products/dior-pure-poison-edp-100ml
DIOR HOMME PARFUM 125ML,Smell Good Dz,Dior Miss Dior Essence 80ml,"37,000 DZD",37000,In Stock,https://smellgood-dz.com/products/dior-miss-dior-essence-80ml
DIOR HOMME PARFUM 125ML,Smell Good Dz,Dior Miss Dior,"38,000 DZD",38000,In Stock,https://smellgood-dz.com/products/dior-miss-dior
DIOR HOMME PARFUM 125ML,Smell Good Dz,Dior Eau Sauvage Edt 100ml,"25,000 DZD",25000,In Stock,https://smellgood-dz.com/products/dior-eau-sauvage-edt-100ml
DIOR HOMME PARFUM 125ML,Smell Good Dz,Dior Hypnotic Poison Edp 100ml,"36,000 DZD",36000,In Stock,https://smellgood-dz.com/products/amouage-decision-edp-100ml-copie
DIOR HOMME PARFUM 125ML,Smell Good Dz,Dior Sauvage Elixir (10ml),"4,800 DZD",4800,In Stock,https://smellgood-dz.com/products/dior-sauvage-elixir
DIOR HOMME PARFUM 125ML,Smell Good Dz,Dior Sauvage Elixir (20ml),"9,600 DZD",9600,In Stock,https://smellgood-dz.com/products/dior-sauvage-elixir
DIOR HOMME PARFUM 125ML,Smell Good Dz,Dior Sauvage Elixir (30ml),"14,400 DZD",14400,In Stock,https://smellgood-dz.com/products/dior-sauvage-elixir
DIOR HOMME PARFUM 125ML,Smell Good Dz,Dior Sauvage Elixir (40ml),"19,200 DZD",19200,In Stock,https://smellgood-dz.com/products/dior-sauvage-elixir
DIOR HOMME PARFUM 125ML,Smell Good Dz,Dior Sauvage Elixir (50ml),"24,000 DZD",24000,In Stock,https://smellgood-dz.com/products/dior-sauvage-elixir
DIOR HOMME PARFUM 125ML,Smell Good Dz,Dior Homme Intense (10ml),"3,400 DZD",3400,In Stock,https://smellgood-dz.com/products/dior-homme-intense
DIOR HOMME PARFUM 125ML,Smell Good Dz,Dior Homme Intense (20ml),"6,800 DZD",6800,In Stock,https://smellgood-dz.com/products/dior-homme-intense
DIOR HOMME PARFUM 125ML,Smell Good Dz,Dior Homme Intense (30ml),"10,200 DZD",10200,In Stock,https://smellgood-dz.com/products/dior-homme-intense
DIOR HOMME PARFUM 125ML,Smell Good Dz,Dior Homme Intense (40ml),"13,600 DZD",13600,In Stock,https://smellgood-dz.com/products/dior-homme-intense
DIOR HOMME PARFUM 125ML,Smell Good Dz,Dior Homme Intense (50ml),"17,000 DZD",17000,In Stock,https://smellgood-dz.com/products/dior-homme-intense
DIOR HOMME PARFUM 125ML,Smell Good Dz,Dior Sauvage le Parfum (10ml),"3,300 DZD",3300,In Stock,https://smellgood-dz.com/products/dior-sauvage-le-parfum
DIOR HOMME PARFUM 125ML,Smell Good Dz,Dior Sauvage le Parfum (20ml),"6,600 DZD",6600,In Stock,https://smellgood-dz.com/products/dior-sauvage-le-parfum
DIOR HOMME PARFUM 125ML,Smell Good Dz,Dior Sauvage le Parfum (30ml),"9,900 DZD",9900,In Stock,https://smellgood-dz.com/products/dior-sauvage-le-parfum
DIOR HOMME PARFUM 125ML,Smell Good Dz,Dior Sauvage le Parfum (40ml),"13,200 DZD",13200,In Stock,https://smellgood-dz.com/products/dior-sauvage-le-parfum
DIOR HOMME PARFUM 125ML,Smell Good Dz,Dior Sauvage le Parfum (50ml),"16,500 DZD",16500,In Stock,https://smellgood-dz.com/products/dior-sauvage-le-parfum
DIOR HOMME PARFUM 125ML,Smell Good Dz,Dior Sauvage EDP (10ml),"3,200 DZD",3200,In Stock,https://smellgood-dz.com/products/dior-sauvage-edp
DIOR HOMME PARFUM 125ML,Smell Good Dz,Dior Sauvage EDP (20ml),"6,400 DZD",6400,In Stock,https://smellgood-dz.com/products/dior-sauvage-edp
DIOR HOMME PARFUM 125ML,Smell Good Dz,Dior Sauvage EDP (30ml),"9,600 DZD",9600,In Stock,https://smellgood-dz.com/products/dior-sauvage-edp
DIOR HOMME PARFUM 125ML,Smell Good Dz,Dior Sauvage EDP (40ml),"12,800 DZD",12800,In Stock,https://smellgood-dz.com/products/dior-sauvage-edp
DIOR HOMME PARFUM 125ML,Smell Good Dz,Dior Sauvage EDP (50ml),"16,000 DZD",16000,In Stock,https://smellgood-dz.com/products/dior-sauvage-edp
DIOR HOMME PARFUM 125ML,Smell Good Dz,Dior Sauvage EDT (10ml),"2,500 DZD",2500,In Stock,https://smellgood-dz.com/products/dior-sauvage
DIOR HOMME PARFUM 125ML,Smell Good Dz,Dior Sauvage EDT (20ml),"5,000 DZD",5000,In Stock,https://smellgood-dz.com/products/dior-sauvage
DIOR HOMME PARFUM 125ML,Smell Good Dz,Dior Sauvage EDT (30ml),"7,500 DZD",7500,In Stock,https://smellgood-dz.com/products/dior-sauvage
DIOR HOMME PARFUM 125ML,Smell Good Dz,Dior Sauvage EDT (40ml),"10,000 DZD",10000,In Stock,https://smellgood-dz.com/products/dior-sauvage
DIOR HOMME PARFUM 125ML,Smell Good Dz,Dior Sauvage EDT (50ml),"12,500 DZD",12500,In Stock,https://smellgood-dz.com/products/dior-sauvage
DIOR HOMME PARFUM 125ML,Smell Good Dz,Dior Sauvage Elixir 60ml / 100ml / 150ml (60ml (New)),"35,000 DZD",35000,In Stock,https://smellgood-dz.com/products/dior-sauvage-elixir-60ml-100ml
DIOR HOMME PARFUM 125ML,Smell Good Dz,Dior Sauvage Elixir 60ml / 100ml / 150ml (60ml (Old)),"40,000 DZD",40000,In Stock,https://smellgood-dz.com/products/dior-sauvage-elixir-60ml-100ml
DIOR HOMME PARFUM 125ML,Smell Good Dz,Dior Sauvage Elixir 60ml / 100ml / 150ml (100ml (New)),"45,000 DZD",45000,In Stock,https://smellgood-dz.com/products/dior-sauvage-elixir-60ml-100ml
DIOR HOMME PARFUM 125ML,Smell Good Dz,Dior Sauvage Elixir 60ml / 100ml / 150ml (100ml (Old)),"50,000 DZD",50000,In Stock,https://smellgood-dz.com/products/dior-sauvage-elixir-60ml-100ml
DIOR HOMME PARFUM 125ML,Smell Good Dz,Dior Sauvage Elixir 60ml / 100ml / 150ml (150ml (New)),"65,000 DZD",65000,In Stock,https://smellgood-dz.com/products/dior-sauvage-elixir-60ml-100ml
DIOR HOMME PARFUM 125ML,Smell Good Dz,Dior Sauvage le Parfum 60ml / 100ml / 200ml (60ml),"28,000 DZD",28000,In Stock,https://smellgood-dz.com/products/dior-sauvage-le-parfum-60ml-100ml-200ml
DIOR HOMME PARFUM 125ML,Smell Good Dz,Dior Sauvage le Parfum 60ml / 100ml / 200ml (100ml),"32,500 DZD",32500,In Stock,https://smellgood-dz.com/products/dior-sauvage-le-parfum-60ml-100ml-200ml
DIOR HOMME PARFUM 125ML,Smell Good Dz,Dior Sauvage le Parfum 60ml / 100ml / 200ml (200ml),"46,000 DZD",46000,In Stock,https://smellgood-dz.com/products/dior-sauvage-le-parfum-60ml-100ml-200ml
DIOR HOMME PARFUM 125ML,Smell Good Dz,Dior Sauvage Edt 60ml / 100ml / 200ml (60ml),"21,000 DZD",21000,In Stock,https://smellgood-dz.com/products/dior-sauvage-edt-60ml-100ml-200ml
DIOR HOMME PARFUM 125ML,Smell Good Dz,Dior Sauvage Edt 60ml / 100ml / 200ml (100ml),"26,000 DZD",26000,In Stock,https://smellgood-dz.com/products/dior-sauvage-edt-60ml-100ml-200ml
DIOR HOMME PARFUM 125ML,Smell Good Dz,Dior Sauvage Edt 60ml / 100ml / 200ml (200ml),"35,000 DZD",35000,In Stock,https://smellgood-dz.com/products/dior-sauvage-edt-60ml-100ml-200ml
DIOR HOMME PARFUM 125ML,Smell Good Dz,Dior Sauvage Edp 60ml / 100ml / 200ml (60ml),"24,000 DZD",24000,In Stock,https://smellgood-dz.com/products/dior-sauvage-edp-60ml-100ml-200ml
DIOR HOMME PARFUM 125ML,Smell Good Dz,Dior Sauvage Edp 60ml / 100ml / 200ml (100ml),"29,000 DZD",29000,In Stock,https://smellgood-dz.com/products/dior-sauvage-edp-60ml-100ml-200ml
DIOR HOMME PARFUM 125ML,Smell Good Dz,Dior Sauvage Edp 60ml / 100ml / 200ml (200ml),"38,000 DZD",38000,In Stock,https://smellgood-dz.com/products/dior-sauvage-edp-60ml-100ml-200ml
DIOR HOMME PARFUM 125ML,Smell Good Dz,Dior Pack (Collection Voyage),"14,500 DZD",14500,In Stock,https://smellgood-dz.com/products/dior-pack-collection-voyage
DIOR HOMME PARFUM 125ML,Smell Good Dz,Dior Miss Dior Edt 50ml / 100ml (50ml),"19,000 DZD",19000,In Stock,https://smellgood-dz.com/products/dior-miss-dior-edt-50ml-100ml
DIOR HOMME PARFUM 125ML,Smell Good Dz,Dior Miss Dior Edt 50ml / 100ml (100ml),"23,500 DZD",23500,In Stock,https://smellgood-dz.com/products/dior-miss-dior-edt-50ml-100ml
DIOR HOMME PARFUM 125ML,Smell Good Dz,Dior Miss Dior Edp 100ml,"35,000 DZD",35000,In Stock,https://smellgood-dz.com/products/dior-miss-dior-edp-100ml
DIOR HOMME PARFUM 125ML,Smell Good Dz,Dior Joy Intense 90ml,"31,000 DZD",31000,In Stock,https://smellgood-dz.com/products/dior-joy-intense-90ml
DIOR HOMME PARFUM 125ML,Smell Good Dz,Dior Joy Edp 90ml,"26,000 DZD",26000,In Stock,https://smellgood-dz.com/products/dior-joy-edp-90ml
DIOR HOMME PARFUM 125ML,Smell Good Dz,Dior J'adore Edp 30ml / 50ml / 100ml (30ml),"20,500 DZD",20500,In Stock,https://smellgood-dz.com/products/dior-jadore-edp-30ml-50ml-100ml
DIOR HOMME PARFUM 125ML,Smell Good Dz,Dior J'adore Edp 30ml / 50ml / 100ml (50ml),"24,500 DZD",24500,In Stock,https://smellgood-dz.com/products/dior-jadore-edp-30ml-50ml-100ml
DIOR HOMME PARFUM 125ML,Smell Good Dz,Dior J'adore Edp 30ml / 50ml / 100ml (100ml),"33,000 DZD",33000,In Stock,https://smellgood-dz.com/products/dior-jadore-edp-30ml-50ml-100ml
DIOR HOMME PARFUM 125ML,Smell Good Dz,Dior Homme Sport Edt 75ml / 125ml / 200ml (75ml),"23,000 DZD",23000,In Stock,https://smellgood-dz.com/products/dior-homme-sport-edt-125ml
DIOR HOMME PARFUM 125ML,Smell Good Dz,Dior Homme Sport Edt 75ml / 125ml / 200ml (125ml),"28,000 DZD",28000,In Stock,https://smellgood-dz.com/products/dior-homme-sport-edt-125ml
DIOR HOMME PARFUM 125ML,Smell Good Dz,Dior Homme Sport Edt 75ml / 125ml / 200ml (200ml),"40,000 DZD",40000,In Stock,https://smellgood-dz.com/products/dior-homme-sport-edt-125ml
DIOR HOMME PARFUM 125ML,Smell Good Dz,Dior Homme Parfum 75ml / 125ml (2025) (75ml),"38,000 DZD",38000,In Stock,https://smellgood-dz.com/products/dior-homme-parfum-75ml
DIOR HOMME PARFUM 125ML,Smell Good Dz,Dior Homme Parfum 75ml / 125ml (2025) (125ml),"45,000 DZD",45000,Out of Stock,https://smellgood-dz.com/products/dior-homme-parfum-75ml
DIOR HOMME PARFUM 125ML,Smell Good Dz,Dior Homme Intense Edp 50ml / 100ml / 150ml (2025) (50ml),"25,000 DZD",25000,In Stock,https://smellgood-dz.com/products/dior-homme-intense-edp-100ml-150ml-2025
DIOR HOMME PARFUM 125ML,Smell Good Dz,Dior Homme Intense Edp 50ml / 100ml / 150ml (2025) (100ml),"31,000 DZD",31000,In Stock,https://smellgood-dz.com/products/dior-homme-intense-edp-100ml-150ml-2025
DIOR HOMME PARFUM 125ML,Smell Good Dz,Dior Homme Intense Edp 50ml / 100ml / 150ml (2025) (150ml),"38,500 DZD",38500,In Stock,https://smellgood-dz.com/products/dior-homme-intense-edp-100ml-150ml-2025
DIOR HOMME PARFUM 125ML,Smell Good Dz,Dior Homme Intense Edp 50ml / 100ml / 150ml (50ml),"27,000 DZD",27000,In Stock,https://smellgood-dz.com/products/dior-homme-intense-edp-50ml-100ml-150ml
DIOR HOMME PARFUM 125ML,Smell Good Dz,Dior Homme Intense Edp 50ml / 100ml / 150ml (100ml),"33,000 DZD",33000,In Stock,https://smellgood-dz.com/products/dior-homme-intense-edp-50ml-100ml-150ml
DIOR HOMME PARFUM 125ML,Smell Good Dz,Dior Homme Intense Edp 50ml / 100ml / 150ml (150ml),"41,000 DZD",41000,In Stock,https://smellgood-dz.com/products/dior-homme-intense-edp-50ml-100ml-150ml
DIOR HOMME PARFUM 125ML,Smell Good Dz,Dior Homme Edt 50ml / 100ml / 150ml (50ml),"21,000 DZD",21000,In Stock,https://smellgood-dz.com/products/dior-homme-edt-50ml-100ml-150ml
DIOR HOMME PARFUM 125ML,Smell Good Dz,Dior Homme Edt 50ml / 100ml / 150ml (100ml),"25,500 DZD",25500,In Stock,https://smellgood-dz.com/products/dior-homme-edt-50ml-100ml-150ml
DIOR HOMME PARFUM 125ML,Smell Good Dz,Dior Homme Edt 50ml / 100ml / 150ml (150ml),"32,500 DZD",32500,In Stock,https://smellgood-dz.com/products/dior-homme-edt-50ml-100ml-150ml
DIOR HOMME PARFUM 125ML,Smell Good Dz,Dior Homme Cologne Edt 75ml / 125ml / 200ml (75ml),"25,000 DZD",25000,In Stock,https://smellgood-dz.com/products/dior-homme-cologne-edt-75ml-125ml
DIOR HOMME PARFUM 125ML,Smell Good Dz,Dior Homme Cologne Edt 75ml / 125ml / 200ml (125ml),"30,000 DZD",30000,In Stock,https://smellgood-dz.com/products/dior-homme-cologne-edt-75ml-125ml
DIOR HOMME PARFUM 125ML,Smell Good Dz,Dior Homme Cologne Edt 75ml / 125ml / 200ml (200ml),"40,000 DZD",40000,In Stock,https://smellgood-dz.com/products/dior-homme-cologne-edt-75ml-125ml
DIOR HOMME PARFUM 125ML,Smell Good Dz,Dior Fahrenheit le Parfum 75ml,"31,000 DZD",31000,In Stock,https://smellgood-dz.com/products/dior-fahrenheit-le-parfum-75ml
DIOR HOMME PARFUM 125ML,Smell Good Dz,Dior Collection Privée Purple Oud Edp 100ml / 125ml (100ml),"68,000 DZD",68000,Out of Stock,https://smellgood-dz.com/products/dior-collection-privee-purple-oud-edp-100ml-125ml
DIOR HOMME PARFUM 125ML,Smell Good Dz,Dior Collection Privée Purple Oud Edp 100ml / 125ml (125ml),"74,000 DZD",74000,Out of Stock,https://smellgood-dz.com/products/dior-collection-privee-purple-oud-edp-100ml-125ml
DIOR HOMME PARFUM 125ML,Smell Good Dz,Dior Collection Privée Oud Ispahane Edp 100ml / 125ml / 250ml (100ml),"68,000 DZD",68000,In Stock,https://smellgood-dz.com/products/dior-collection-privee-oud-ispahane-edp-100ml-125ml-250ml
DIOR HOMME PARFUM 125ML,Smell Good Dz,Dior Collection Privée Oud Ispahane Edp 100ml / 125ml / 250ml (125ml),"74,000 DZD",74000,In Stock,https://smellgood-dz.com/products/dior-collection-privee-oud-ispahane-edp-100ml-125ml-250ml
DIOR HOMME PARFUM 125ML,Smell Good Dz,Dior Collection Privée Oud Ispahane Edp 100ml / 125ml / 250ml (250ml),"110,000 DZD",110000,In Stock,https://smellgood-dz.com/products/dior-collection-privee-oud-ispahane-edp-100ml-125ml-250ml
DIOR HOMME PARFUM 125ML,Smell Good Dz,Dior Collection Privée Jasmin des Anges Edp 100ml / 125ml (100ml (Limited)),"70,000 DZD",70000,Out of Stock,https://smellgood-dz.com/products/dior-collection-privee-jasmin-des-anges-edp-100ml-125ml
DIOR HOMME PARFUM 125ML,Smell Good Dz,Dior Collection Privée Jasmin des Anges Edp 100ml / 125ml (125ml),"74,000 DZD",74000,Out of Stock,https://smellgood-dz.com/products/dior-collection-privee-jasmin-des-anges-edp-100ml-125ml
DIOR HOMME PARFUM 125ML,Smell Good Dz,Dior Collection Privée Iviera Edp 100ml / 125ml (100ml),"68,000 DZD",68000,In Stock,https://smellgood-dz.com/products/dior-collection-privee-iviera-edp-100ml-125ml
DIOR HOMME PARFUM 125ML,Smell Good Dz,Dior Collection Privée Iviera Edp 100ml / 125ml (125ml),"74,000 DZD",74000,In Stock,https://smellgood-dz.com/products/dior-collection-privee-iviera-edp-100ml-125ml
DIOR HOMME PARFUM 125ML,Smell Good Dz,Dior Collection Privée Iviera Edp 100ml / 125ml (125ml (Limited Edition)),"76,000 DZD",76000,In Stock,https://smellgood-dz.com/products/dior-collection-privee-iviera-edp-100ml-125ml
DIOR HOMME PARFUM 125ML,Smell Good Dz,Dior Collection Privée Gris Dior Edp 100ml / 125ml (100ml),"68,000 DZD",68000,Out of Stock,https://smellgood-dz.com/products/dior-collection-privee-gris-dior-edp-100ml-125ml
DIOR HOMME PARFUM 125ML,Smell Good Dz,Dior Collection Privée Gris Dior Edp 100ml / 125ml (125ml),"89,000 DZD",89000,In Stock,https://smellgood-dz.com/products/dior-collection-privee-gris-dior-edp-100ml-125ml
DIOR HOMME PARFUM 125ML,Smell Good Dz,Dior Collection Privée Bois d'Argent Edp 100ml / 125ml / 250ml (100ml),"68,000 DZD",68000,In Stock,https://smellgood-dz.com/products/dior-collection-privee-bois-dargent-edp-100ml-125ml
DIOR HOMME PARFUM 125ML,Smell Good Dz,Dior Collection Privée Bois d'Argent Edp 100ml / 125ml / 250ml (125ml),"74,000 DZD",74000,In Stock,https://smellgood-dz.com/products/dior-collection-privee-bois-dargent-edp-100ml-125ml
DIOR HOMME PARFUM 125ML,Smell Good Dz,Dior Collection Privée Bois d'Argent Edp 100ml / 125ml / 250ml (250ml),"110,000 DZD",110000,In Stock,https://smellgood-dz.com/products/dior-collection-privee-bois-dargent-edp-100ml-125ml
DIOR HOMME PARFUM 125ML,Smell Good Dz,Dior Collection Privée Ambre Nuit Edp 100ml / 125ml (100ml),"68,000 DZD",68000,Out of Stock,https://smellgood-dz.com/products/dior-collection-privee-ambre-nuit-edp-100ml-125ml
DIOR HOMME PARFUM 125ML,Smell Good Dz,Dior Collection Privée Ambre Nuit Edp 100ml / 125ml (125ml),"74,000 DZD",74000,Out of Stock,https://smellgood-dz.com/products/dior-collection-privee-ambre-nuit-edp-100ml-125ml
DIOR HOMME PARFUM 125ML,Smell Good Dz,Dior Addict Edp 50ml / 100ml (50ml),"29,000 DZD",29000,In Stock,https://smellgood-dz.com/products/dior-addict-edp-50ml-100ml
DIOR HOMME PARFUM 125ML,Smell Good Dz,Dior Addict Edp 50ml / 100ml (100ml),"35,000 DZD",35000,In Stock,https://smellgood-dz.com/products/dior-addict-edp-50ml-100ml
DIOR HOMME PARFUM 125ML,Odorem Dz,Dior Homme original 100ml,"24,000 DZD",24000,In Stock,https://odorem-dz.com/produit/dior-homme-original-100ml/
DIOR HOMME PARFUM 125ML,Odorem Dz,Dior Homme original 100ml,"24,000 DZD",24000,In Stock,https://odorem-dz.com/produit/dior-homme-original-100ml/
DIOR HOMME PARFUM 125ML,Odorem Dz,Pack promo Dior Homme EDT,"34,700 DZD",34700,In Stock,https://odorem-dz.com/produit/pack-promo-dior-homme-edt/
DIOR HOMME PARFUM 125ML,Odorem Dz,Pack promo Dior Homme EDT,"34,700 DZD",34700,In Stock,https://odorem-dz.com/produit/pack-promo-dior-homme-edt/
DIOR HOMME PARFUM 125ML,Odorem Dz,Dior Pure Poison 100ml EDP,"35,000 DZD",35000,In Stock,https://odorem-dz.com/produit/dior-pure-poison-100ml-edp/
DIOR HOMME PARFUM 125ML,Odorem Dz,Dior Pure Poison 100ml EDP,"35,000 DZD",35000,In Stock,https://odorem-dz.com/produit/dior-pure-poison-100ml-edp/
DIOR HOMME PARFUM 125ML,Odorem Dz,Dior Paradise 100ml,"97,000 DZD",97000,In Stock,https://odorem-dz.com/produit/dior-paradise-100ml/
DIOR HOMME PARFUM 125ML,Odorem Dz,Dior Paradise 100ml,"97,000 DZD",97000,In Stock,https://odorem-dz.com/produit/dior-paradise-100ml/
DIOR HOMME PARFUM 125ML,Odorem Dz,Dior Hypnotic Poison Déodorant 100ml,"16,000 DZD",16000,In Stock,https://odorem-dz.com/produit/dior-hypnotic-poison-deodorant-100ml/
DIOR HOMME PARFUM 125ML,Odorem Dz,Dior Hypnotic Poison Déodorant 100ml,"16,000 DZD",16000,In Stock,https://odorem-dz.com/produit/dior-hypnotic-poison-deodorant-100ml/
DIOR HOMME PARFUM 125ML,Odorem Dz,Miniature Miss Dior 5ml EDP,"4,000 DZD",4000,In Stock,https://odorem-dz.com/produit/miniature-miss-dior-5ml-edp/
DIOR HOMME PARFUM 125ML,Odorem Dz,Miniature Miss Dior 5ml EDP,"4,000 DZD",4000,In Stock,https://odorem-dz.com/produit/miniature-miss-dior-5ml-edp/
DIOR HOMME PARFUM 125ML,Odorem Dz,Miniature miss Dior essence 5ml,"4,000 DZD",4000,In Stock,https://odorem-dz.com/produit/miniature-miss-dior-essence-5ml/
DIOR HOMME PARFUM 125ML,Odorem Dz,Miniature miss Dior essence 5ml,"4,000 DZD",4000,In Stock,https://odorem-dz.com/produit/miniature-miss-dior-essence-5ml/
DIOR HOMME PARFUM 125ML,Odorem Dz,Pack promo Dior Fahrenheit,"39,000 DZD",39000,In Stock,https://odorem-dz.com/produit/pack-promo-dior-fahrenheit/
DIOR HOMME PARFUM 125ML,Odorem Dz,Pack promo Dior Fahrenheit,"39,000 DZD",39000,In Stock,https://odorem-dz.com/produit/pack-promo-dior-fahrenheit/
DIOR HOMME PARFUM 125ML,Odorem Dz,Miss Dior Rose N’Roses 100ml,"29,000 DZD",29000,In Stock,https://odorem-dz.com/produit/miss-dior-rose-nroses-100ml/
DIOR HOMME PARFUM 125ML,Odorem Dz,Miss Dior Rose N’Roses 100ml,"29,000 DZD",29000,In Stock,https://odorem-dz.com/produit/miss-dior-rose-nroses-100ml/
DIOR HOMME PARFUM 125ML,Odorem Dz,Miss Dior Blooming Bouquet 100ml,"29,500 DZD",29500,In Stock,https://odorem-dz.com/produit/miss-dior-blooming-bouquet-100ml/
DIOR HOMME PARFUM 125ML,Odorem Dz,Miss Dior Blooming Bouquet 100ml,"29,500 DZD",29500,In Stock,https://odorem-dz.com/produit/miss-dior-blooming-bouquet-100ml/
DIOR HOMME PARFUM 125ML,Odorem Dz,Dior Sauvage elixir 150ml,"61,000 DZD",61000,In Stock,https://odorem-dz.com/produit/dior-sauvage-elixir-150ml/
DIOR HOMME PARFUM 125ML,Odorem Dz,Dior Sauvage elixir 150ml,"61,000 DZD",61000,In Stock,https://odorem-dz.com/produit/dior-sauvage-elixir-150ml/
DIOR HOMME PARFUM 125ML,Odorem Dz,Dior J’adore Intense 100ml,"36,500 DZD",36500,In Stock,https://odorem-dz.com/produit/dior-jadore-intense-100ml/
DIOR HOMME PARFUM 125ML,Odorem Dz,Dior J’adore Intense 100ml,"36,500 DZD",36500,In Stock,https://odorem-dz.com/produit/dior-jadore-intense-100ml/
DIOR HOMME PARFUM 125ML,Odorem Dz,Stick Dior sauvage 75ml,N/A,0,In Stock,https://odorem-dz.com/produit/stick-dior-sauvage-75ml/
DIOR HOMME PARFUM 125ML,Odorem Dz,Stick Dior sauvage 75ml,N/A,0,In Stock,https://odorem-dz.com/produit/stick-dior-sauvage-75ml/
DIOR HOMME PARFUM 125ML,Odorem Dz,Dior Oud Ispahan 250ml,"94,000 DZD",94000,In Stock,https://odorem-dz.com/produit/dior-oud-ispahan-250ml/
DIOR HOMME PARFUM 125ML,Odorem Dz,Dior Oud Ispahan 250ml,"94,000 DZD",94000,In Stock,https://odorem-dz.com/produit/dior-oud-ispahan-250ml/
DIOR HOMME PARFUM 125ML,Odorem Dz,Miss Dior Essence 80ml EDP,"33,500 DZD",33500,In Stock,https://odorem-dz.com/produit/miss-dior-essence-80ml-edp/
DIOR HOMME PARFUM 125ML,Odorem Dz,Miss Dior Essence 80ml EDP,"33,500 DZD",33500,In Stock,https://odorem-dz.com/produit/miss-dior-essence-80ml-edp/
DIOR HOMME PARFUM 125ML,Odorem Dz,Dior Joy intense 90ml,"29,500 DZD",29500,In Stock,https://odorem-dz.com/produit/dior-joy-intense-90ml/
DIOR HOMME PARFUM 125ML,Odorem Dz,Dior Joy intense 90ml,"29,500 DZD",29500,In Stock,https://odorem-dz.com/produit/dior-joy-intense-90ml/
DIOR HOMME PARFUM 125ML,Odorem Dz,Dior Higher Energy 100ml edt,"29,000 DZD",29000,In Stock,https://odorem-dz.com/produit/dior-higher-energy-100ml-edt/
DIOR HOMME PARFUM 125ML,Odorem Dz,Dior Higher Energy 100ml edt,"29,000 DZD",29000,In Stock,https://odorem-dz.com/produit/dior-higher-energy-100ml-edt/
DIOR HOMME PARFUM 125ML,Odorem Dz,Dior Homme parfum 125ml,"42,500 DZD",42500,In Stock,https://odorem-dz.com/produit/dior-homme-parfum-125ml/
DIOR HOMME PARFUM 125ML,Odorem Dz,Dior Homme parfum 125ml,"42,500 DZD",42500,In Stock,https://odorem-dz.com/produit/dior-homme-parfum-125ml/
DIOR HOMME PARFUM 125ML,Odorem Dz,Stick Dior homme 75g,"12,000 DZD",12000,In Stock,https://odorem-dz.com/produit/stick-dior-homme-75g/
DIOR HOMME PARFUM 125ML,Odorem Dz,Stick Dior homme 75g,"12,000 DZD",12000,In Stock,https://odorem-dz.com/produit/stick-dior-homme-75g/
DIOR HOMME PARFUM 125ML,Odorem Dz,Stick Dior eau sauvage 75g,"12,000 DZD",12000,In Stock,https://odorem-dz.com/produit/stick-dior-eau-sauvage-75g/
DIOR HOMME PARFUM 125ML,Odorem Dz,Stick Dior eau sauvage 75g,"12,000 DZD",12000,In Stock,https://odorem-dz.com/produit/stick-dior-eau-sauvage-75g/
DIOR HOMME PARFUM 125ML,Odorem Dz,Dior Homme parfum 75ml,"30,500 DZD",30500,In Stock,https://odorem-dz.com/produit/dior-homme-parfum-2025/
DIOR HOMME PARFUM 125ML,Odorem Dz,Dior Homme parfum 75ml,"30,500 DZD",30500,In Stock,https://odorem-dz.com/produit/dior-homme-parfum-2025/
DIOR HOMME PARFUM 125ML,Odorem Dz,Dior Rose star 200ml EDP,"94,000 DZD",94000,In Stock,https://odorem-dz.com/produit/rose-star-200ml/
DIOR HOMME PARFUM 125ML,Odorem Dz,Dior Rose star 200ml EDP,"94,000 DZD",94000,In Stock,https://odorem-dz.com/produit/rose-star-200ml/
DIOR HOMME PARFUM 125ML,Odorem Dz,Gris Dior Esprit De Parfum 80ml,"92,000 DZD",92000,In Stock,https://odorem-dz.com/produit/gris-dior-esprit-de-parfum-80ml/
DIOR HOMME PARFUM 125ML,Odorem Dz,Gris Dior Esprit De Parfum 80ml,"92,000 DZD",92000,In Stock,https://odorem-dz.com/produit/gris-dior-esprit-de-parfum-80ml/
DIOR HOMME PARFUM 125ML,Odorem Dz,Miss Dior parfum 80ml,"31,800 DZD",31800,In Stock,https://odorem-dz.com/produit/miss-dior-80ml-edp/
DIOR HOMME PARFUM 125ML,Odorem Dz,Miss Dior parfum 80ml,"31,800 DZD",31800,In Stock,https://odorem-dz.com/produit/miss-dior-80ml-edp/
DIOR HOMME PARFUM 125ML,Odorem Dz,Dior Fahrenheit 100ml edt,"22,000 DZD",22000,In Stock,https://odorem-dz.com/produit/dior-fahrenheit-100ml-edt/
DIOR HOMME PARFUM 125ML,Odorem Dz,Dior Fahrenheit 100ml edt,"22,000 DZD",22000,In Stock,https://odorem-dz.com/produit/dior-fahrenheit-100ml-edt/
DIOR HOMME PARFUM 125ML,Odorem Dz,Dior sauvage 100ml EDP,"27,800 DZD",27800,In Stock,https://odorem-dz.com/produit/dior-sauvage-100ml-edp/
DIOR HOMME PARFUM 125ML,Odorem Dz,Dior sauvage 100ml EDP,"27,800 DZD",27800,In Stock,https://odorem-dz.com/produit/dior-sauvage-100ml-edp/
DIOR HOMME PARFUM 125ML,Odorem Dz,Dune Dior femme 100ml edt,"34,000 DZD",34000,In Stock,https://odorem-dz.com/produit/dune-dior-100ml-edt/
DIOR HOMME PARFUM 125ML,Odorem Dz,Dune Dior femme 100ml edt,"34,000 DZD",34000,In Stock,https://odorem-dz.com/produit/dune-dior-100ml-edt/
DIOR HOMME PARFUM 125ML,Odorem Dz,Dior Sauvage Eau Forte 100ml,"29,000 DZD",29000,In Stock,https://odorem-dz.com/produit/dior-sauvage-eau-forte-100ml/
DIOR HOMME PARFUM 125ML,Odorem Dz,Dior Sauvage Eau Forte 100ml,"29,000 DZD",29000,In Stock,https://odorem-dz.com/produit/dior-sauvage-eau-forte-100ml/
DIOR HOMME PARFUM 125ML,Odorem Dz,Dior Homme Cologne 200ml EDP,"45,000,004,500,000,400,000,040,000 DZD",45000004500000400000040000,In Stock,https://odorem-dz.com/produit/dior-homme-cologne-200ml-edp/
DIOR HOMME PARFUM 125ML,Odorem Dz,Dior Homme Cologne 200ml EDP,"45,000,004,500,000,400,000,040,000 DZD",45000004500000400000040000,In Stock,https://odorem-dz.com/produit/dior-homme-cologne-200ml-edp/
DIOR HOMME PARFUM 125ML,Odorem Dz,Dior Homme Sport 200ml EDT,"39,000 DZD",39000,In Stock,https://odorem-dz.com/produit/dior-homme-sport-200ml-edp/
DIOR HOMME PARFUM 125ML,Odorem Dz,Dior Homme Sport 200ml EDT,"39,000 DZD",39000,In Stock,https://odorem-dz.com/produit/dior-homme-sport-200ml-edp/
DIOR HOMME PARFUM 125ML,Odorem Dz,Déodorant Dior Homme 150ml,"13,500 DZD",13500,In Stock,https://odorem-dz.com/produit/deodorant-dior-homme-150ml/
DIOR HOMME PARFUM 125ML,Odorem Dz,Déodorant Dior Homme 150ml,"13,500 DZD",13500,In Stock,https://odorem-dz.com/produit/deodorant-dior-homme-150ml/
DIOR HOMME PARFUM 125ML,Odorem Dz,Dior Lucky 125ml EDP,"63,000 DZD",63000,In Stock,https://odorem-dz.com/produit/dior-lucky-125ml-edp/
DIOR HOMME PARFUM 125ML,Odorem Dz,Dior Lucky 125ml EDP,"63,000 DZD",63000,In Stock,https://odorem-dz.com/produit/dior-lucky-125ml-edp/
DIOR HOMME PARFUM 125ML,Odorem Dz,Dior Lucky 200ml EDP,"94,000 DZD",94000,In Stock,https://odorem-dz.com/produit/dior-lucky-250ml-edp/
DIOR HOMME PARFUM 125ML,Odorem Dz,Dior Lucky 200ml EDP,"94,000 DZD",94000,In Stock,https://odorem-dz.com/produit/dior-lucky-250ml-edp/
DIOR HOMME PARFUM 125ML,Odorem Dz,Dior Homme Cologne 125ml,"29,800 DZD",29800,In Stock,https://odorem-dz.com/produit/dior-homme-cologne-125ml-edt/
DIOR HOMME PARFUM 125ML,Odorem Dz,Dior Homme Cologne 125ml,"29,800 DZD",29800,In Stock,https://odorem-dz.com/produit/dior-homme-cologne-125ml-edt/
DIOR HOMME PARFUM 125ML,Odorem Dz,Déodorant Sauvage Dior 150ml,"12,500 DZD",12500,In Stock,https://odorem-dz.com/produit/deodorant-sauvage-dior-150ml/
DIOR HOMME PARFUM 125ML,Odorem Dz,Déodorant Sauvage Dior 150ml,"12,500 DZD",12500,In Stock,https://odorem-dz.com/produit/deodorant-sauvage-dior-150ml/
DIOR HOMME PARFUM 125ML,Odorem Dz,Gris Dior 100ml EDP,"75,000 DZD",75000,In Stock,https://odorem-dz.com/produit/gris-dior-125ml-edp/
DIOR HOMME PARFUM 125ML,Odorem Dz,Gris Dior 100ml EDP,"75,000 DZD",75000,In Stock,https://odorem-dz.com/produit/gris-dior-125ml-edp/
DIOR HOMME PARFUM 125ML,Briki Parfums,DIOR Addict Purple Glow,"36,500 DZD",36500,In Stock,https://briki-parfums.com/new/dior-addict-purple-glow/
DIOR HOMME PARFUM 125ML,Briki Parfums,DIOR Addict Peachy Glow,"36,500 DZD",36500,In Stock,https://briki-parfums.com/new/dior-addict-peachy-glow/
DIOR HOMME PARFUM 125ML,Briki Parfums,DIOR Addict Rosy Glow,"36,500 DZD",36500,In Stock,https://briki-parfums.com/new/dior-addict-rosy-glow/
DIOR HOMME PARFUM 125ML,Briki Parfums,DIOR Miss Dior Blooming Bouquet,"36,500 DZD",36500,In Stock,https://briki-parfums.com/parfums-femme/dior-miss-dior-blooming-bouquet/
DIOR HOMME PARFUM 125ML,Briki Parfums,DIOR J’adore Intense,"38,500 DZD",38500,In Stock,https://briki-parfums.com/new/dior-jadore-intense/
DIOR HOMME PARFUM 125ML,Briki Parfums,DIOR Miss Dior,"36,500 DZD",36500,In Stock,https://briki-parfums.com/parfums-femme/dior-miss-dior/
DIOR HOMME PARFUM 125ML,Briki Parfums,Dior La Colle Noire Lait hydratant,"42,500 DZD",42500,In Stock,https://briki-parfums.com/soin-corps-bain/dior-la-colle-noire-lait-hydratant/
DIOR HOMME PARFUM 125ML,Briki Parfums,CHRISTIAN DIOR LA COLLE NOIRE,"78,000 DZD",78000,In Stock,https://briki-parfums.com/parfums-niche/christian-dior-la-colle-noire/
DIOR HOMME PARFUM 125ML,Briki Parfums,DIOR Sauvage Eau Forte,"28,500 DZD",28500,In Stock,https://briki-parfums.com/new/dior-sauvage-eau-forte/
DIOR HOMME PARFUM 125ML,Briki Parfums,MISS DIOR ESSENCE,"42,500 DZD",42500,In Stock,https://briki-parfums.com/new/miss-dior-essence/
DIOR HOMME PARFUM 125ML,Briki Parfums,DIOR HOMME,"33,500 DZD",33500,In Stock,https://briki-parfums.com/new/dior-homme/
DIOR HOMME PARFUM 125ML,Briki Parfums,CHRISTIAN DIOR ROSE STAR,"78,000 DZD",78000,In Stock,https://briki-parfums.com/new/christian-dior-rose-star/
DIOR HOMME PARFUM 125ML,Briki Parfums,CHRISTIAN DIOR OUD ISPAHAN,"78,000 DZD",78000,In Stock,https://briki-parfums.com/parfums-niche/christian-dior-oud-ispahan-125-ml/
DIOR HOMME PARFUM 125ML,Briki Parfums,CHRISTIAN DIOR ROUGE TRAFALGAR ESPRIT DE PARFUM 80 ml,"115,000 DZD",115000,In Stock,https://briki-parfums.com/new/christian-dior-rouge-trafalgar-esprit-de-parfum/
DIOR HOMME PARFUM 125ML,Briki Parfums,Gris Dior gel douche,"28,000 DZD",28000,In Stock,https://briki-parfums.com/promo/gris-dior-savon-liquide-savon-liquide-pour-les-mains-et-le-corps/
DIOR SAUVAGE EDT 100ML,Smell Good Dz,Dior Eau Sauvage (10ml),"2,800 DZD",2800,In Stock,https://smellgood-dz.com/products/dior-eau-sauvage
DIOR SAUVAGE EDT 100ML,Smell Good Dz,Dior Eau Sauvage (20ml),"5,600 DZD",5600,In Stock,https://smellgood-dz.com/products/dior-eau-sauvage
DIOR SAUVAGE EDT 100ML,Smell Good Dz,Dior Eau Sauvage (30ml),"8,400 DZD",8400,In Stock,https://smellgood-dz.com/products/dior-eau-sauvage
DIOR SAUVAGE EDT 100ML,Smell Good Dz,Dior Eau Sauvage (40ml),"11,200 DZD",11200,In Stock,https://smellgood-dz.com/products/dior-eau-sauvage
DIOR SAUVAGE EDT 100ML,Smell Good Dz,Dior Eau Sauvage (50ml),"14,000 DZD",14000,In Stock,https://smellgood-dz.com/products/dior-eau-sauvage
DIOR SAUVAGE EDT 100ML,Smell Good Dz,Dior Eau Sauvage Edt 100ml,"25,000 DZD",25000,In Stock,https://smellgood-dz.com/products/dior-eau-sauvage-edt-100ml
DIOR SAUVAGE EDT 100ML,Smell Good Dz,Dior Sauvage Elixir (10ml),"4,800 DZD",4800,In Stock,https://smellgood-dz.com/products/dior-sauvage-elixir
DIOR SAUVAGE EDT 100ML,Smell Good Dz,Dior Sauvage Elixir (20ml),"9,600 DZD",9600,In Stock,https://smellgood-dz.com/products/dior-sauvage-elixir
DIOR SAUVAGE EDT 100ML,Smell Good Dz,Dior Sauvage Elixir (30ml),"14,400 DZD",14400,In Stock,https://smellgood-dz.com/products/dior-sauvage-elixir
DIOR SAUVAGE EDT 100ML,Smell Good Dz,Dior Sauvage Elixir (40ml),"19,200 DZD",19200,In Stock,https://smellgood-dz.com/products/dior-sauvage-elixir
DIOR SAUVAGE EDT 100ML,Smell Good Dz,Dior Sauvage Elixir (50ml),"24,000 DZD",24000,In Stock,https://smellgood-dz.com/products/dior-sauvage-elixir
DIOR SAUVAGE EDT 100ML,Smell Good Dz,Dior Sauvage le Parfum (10ml),"3,300 DZD",3300,In Stock,https://smellgood-dz.com/products/dior-sauvage-le-parfum
DIOR SAUVAGE EDT 100ML,Smell Good Dz,Dior Sauvage le Parfum (20ml),"6,600 DZD",6600,In Stock,https://smellgood-dz.com/products/dior-sauvage-le-parfum
DIOR SAUVAGE EDT 100ML,Smell Good Dz,Dior Sauvage le Parfum (30ml),"9,900 DZD",9900,In Stock,https://smellgood-dz.com/products/dior-sauvage-le-parfum
DIOR SAUVAGE EDT 100ML,Smell Good Dz,Dior Sauvage le Parfum (40ml),"13,200 DZD",13200,In Stock,https://smellgood-dz.com/products/dior-sauvage-le-parfum
DIOR SAUVAGE EDT 100ML,Smell Good Dz,Dior Sauvage le Parfum (50ml),"16,500 DZD",16500,In Stock,https://smellgood-dz.com/products/dior-sauvage-le-parfum
DIOR SAUVAGE EDT 100ML,Smell Good Dz,Dior Sauvage EDP (10ml),"3,200 DZD",3200,In Stock,https://smellgood-dz.com/products/dior-sauvage-edp
DIOR SAUVAGE EDT 100ML,Smell Good Dz,Dior Sauvage EDP (20ml),"6,400 DZD",6400,In Stock,https://smellgood-dz.com/products/dior-sauvage-edp
DIOR SAUVAGE EDT 100ML,Smell Good Dz,Dior Sauvage EDP (30ml),"9,600 DZD",9600,In Stock,https://smellgood-dz.com/products/dior-sauvage-edp
DIOR SAUVAGE EDT 100ML,Smell Good Dz,Dior Sauvage EDP (40ml),"12,800 DZD",12800,In Stock,https://smellgood-dz.com/products/dior-sauvage-edp
DIOR SAUVAGE EDT 100ML,Smell Good Dz,Dior Sauvage EDP (50ml),"16,000 DZD",16000,In Stock,https://smellgood-dz.com/products/dior-sauvage-edp
DIOR SAUVAGE EDT 100ML,Smell Good Dz,Dior Sauvage EDT (10ml),"2,500 DZD",2500,In Stock,https://smellgood-dz.com/products/dior-sauvage
DIOR SAUVAGE EDT 100ML,Smell Good Dz,Dior Sauvage EDT (20ml),"5,000 DZD",5000,In Stock,https://smellgood-dz.com/products/dior-sauvage
DIOR SAUVAGE EDT 100ML,Smell Good Dz,Dior Sauvage EDT (30ml),"7,500 DZD",7500,In Stock,https://smellgood-dz.com/products/dior-sauvage
DIOR SAUVAGE EDT 100ML,Smell Good Dz,Dior Sauvage EDT (40ml),"10,000 DZD",10000,In Stock,https://smellgood-dz.com/products/dior-sauvage
DIOR SAUVAGE EDT 100ML,Smell Good Dz,Dior Sauvage EDT (50ml),"12,500 DZD",12500,In Stock,https://smellgood-dz.com/products/dior-sauvage
DIOR SAUVAGE EDT 100ML,Smell Good Dz,Dior Sauvage Elixir 60ml / 100ml / 150ml (60ml (New)),"35,000 DZD",35000,In Stock,https://smellgood-dz.com/products/dior-sauvage-elixir-60ml-100ml
DIOR SAUVAGE EDT 100ML,Smell Good Dz,Dior Sauvage Elixir 60ml / 100ml / 150ml (60ml (Old)),"40,000 DZD",40000,In Stock,https://smellgood-dz.com/products/dior-sauvage-elixir-60ml-100ml
DIOR SAUVAGE EDT 100ML,Smell Good Dz,Dior Sauvage Elixir 60ml / 100ml / 150ml (100ml (New)),"45,000 DZD",45000,In Stock,https://smellgood-dz.com/products/dior-sauvage-elixir-60ml-100ml
DIOR SAUVAGE EDT 100ML,Smell Good Dz,Dior Sauvage Elixir 60ml / 100ml / 150ml (100ml (Old)),"50,000 DZD",50000,In Stock,https://smellgood-dz.com/products/dior-sauvage-elixir-60ml-100ml
DIOR SAUVAGE EDT 100ML,Smell Good Dz,Dior Sauvage Elixir 60ml / 100ml / 150ml (150ml (New)),"65,000 DZD",65000,In Stock,https://smellgood-dz.com/products/dior-sauvage-elixir-60ml-100ml
DIOR SAUVAGE EDT 100ML,Smell Good Dz,Dior Sauvage le Parfum 60ml / 100ml / 200ml (60ml),"28,000 DZD",28000,In Stock,https://smellgood-dz.com/products/dior-sauvage-le-parfum-60ml-100ml-200ml
DIOR SAUVAGE EDT 100ML,Smell Good Dz,Dior Sauvage le Parfum 60ml / 100ml / 200ml (100ml),"32,500 DZD",32500,In Stock,https://smellgood-dz.com/products/dior-sauvage-le-parfum-60ml-100ml-200ml
DIOR SAUVAGE EDT 100ML,Smell Good Dz,Dior Sauvage le Parfum 60ml / 100ml / 200ml (200ml),"46,000 DZD",46000,In Stock,https://smellgood-dz.com/products/dior-sauvage-le-parfum-60ml-100ml-200ml
DIOR SAUVAGE EDT 100ML,Smell Good Dz,Dior Sauvage Edt 60ml / 100ml / 200ml (60ml),"21,000 DZD",21000,In Stock,https://smellgood-dz.com/products/dior-sauvage-edt-60ml-100ml-200ml
DIOR SAUVAGE EDT 100ML,Smell Good Dz,Dior Sauvage Edt 60ml / 100ml / 200ml (100ml),"26,000 DZD",26000,In Stock,https://smellgood-dz.com/products/dior-sauvage-edt-60ml-100ml-200ml
DIOR SAUVAGE EDT 100ML,Smell Good Dz,Dior Sauvage Edt 60ml / 100ml / 200ml (200ml),"35,000 DZD",35000,In Stock,https://smellgood-dz.com/products/dior-sauvage-edt-60ml-100ml-200ml
DIOR SAUVAGE EDT 100ML,Smell Good Dz,Dior Sauvage Edp 60ml / 100ml / 200ml (60ml),"24,000 DZD",24000,In Stock,https://smellgood-dz.com/products/dior-sauvage-edp-60ml-100ml-200ml
DIOR SAUVAGE EDT 100ML,Smell Good Dz,Dior Sauvage Edp 60ml / 100ml / 200ml (100ml),"29,000 DZD",29000,In Stock,https://smellgood-dz.com/products/dior-sauvage-edp-60ml-100ml-200ml
DIOR SAUVAGE EDT 100ML,Smell Good Dz,Dior Sauvage Edp 60ml / 100ml / 200ml (200ml),"38,000 DZD",38000,In Stock,https://smellgood-dz.com/products/dior-sauvage-edp-60ml-100ml-200ml
DIOR SAUVAGE EDT 100ML,Odorem Dz,Dior Sauvage elixir 150ml,"61,000 DZD",61000,In Stock,https://odorem-dz.com/produit/dior-sauvage-elixir-150ml/
DIOR SAUVAGE EDT 100ML,Odorem Dz,Dior Sauvage elixir 150ml,"61,000 DZD",61000,In Stock,https://odorem-dz.com/produit/dior-sauvage-elixir-150ml/
DIOR SAUVAGE EDT 100ML,Odorem Dz,Stick Dior sauvage 75ml,N/A,0,In Stock,https://odorem-dz.com/produit/stick-dior-sauvage-75ml/
DIOR SAUVAGE EDT 100ML,Odorem Dz,Stick Dior sauvage 75ml,N/A,0,In Stock,https://odorem-dz.com/produit/stick-dior-sauvage-75ml/
DIOR SAUVAGE EDT 100ML,Odorem Dz,Dior sauvage 100ml EDP,"27,800 DZD",27800,In Stock,https://odorem-dz.com/produit/dior-sauvage-100ml-edp/
DIOR SAUVAGE EDT 100ML,Odorem Dz,Dior sauvage 100ml EDP,"27,800 DZD",27800,In Stock,https://odorem-dz.com/produit/dior-sauvage-100ml-edp/
DIOR SAUVAGE EDT 100ML,Odorem Dz,Dior Sauvage Eau Forte 100ml,"29,000 DZD",29000,In Stock,https://odorem-dz.com/produit/dior-sauvage-eau-forte-100ml/
DIOR SAUVAGE EDT 100ML,Odorem Dz,Dior Sauvage Eau Forte 100ml,"29,000 DZD",29000,In Stock,https://odorem-dz.com/produit/dior-sauvage-eau-forte-100ml/
DIOR SAUVAGE EDT 100ML,Odorem Dz,Stick Dior eau sauvage 75g,"12,000 DZD",12000,In Stock,https://odorem-dz.com/produit/stick-dior-eau-sauvage-75g/
DIOR SAUVAGE EDT 100ML,Odorem Dz,Stick Dior eau sauvage 75g,"12,000 DZD",12000,In Stock,https://odorem-dz.com/produit/stick-dior-eau-sauvage-75g/
DIOR SAUVAGE EDT 100ML,Odorem Dz,Déodorant Sauvage Dior 150ml,"12,500 DZD",12500,In Stock,https://odorem-dz.com/produit/deodorant-sauvage-dior-150ml/
DIOR SAUVAGE EDT 100ML,Odorem Dz,Déodorant Sauvage Dior 150ml,"12,500 DZD",12500,In Stock,https://odorem-dz.com/produit/deodorant-sauvage-dior-150ml/
DIOR SAUVAGE EDT 100ML,Briki Parfums,DIOR Sauvage Eau Forte,"28,500 DZD",28500,In Stock,https://briki-parfums.com/new/dior-sauvage-eau-forte/
DIOR SAUVAGE EDT 100ML,Briki Parfums,DIOR SAUVAGE GEL DOUCHE,"17,500 DZD",17500,In Stock,https://briki-parfums.com/soin-corps-bain/dior-sauvage-gel-douche/
DIOR SAUVAGE EDT 100ML,Briki Parfums,DIOR SAUVAGE ELIXIR,"37,500 DZD",37500,In Stock,https://briki-parfums.com/parfums-homme/dior-sauvage-elixir/
DIOR SAUVAGE EDT 100ML,Briki Parfums,DIOR SAUVAGE,"12,500 DZD",12500,In Stock,https://briki-parfums.com/soin-corps-bain/dior-sauvage-5/
DIOR SAUVAGE EDT 100ML,Briki Parfums,DIOR SAUVAGE 100 ml,"31,500 DZD",31500,In Stock,https://briki-parfums.com/parfums-homme/dior-sauvage-3/
DIOR SAUVAGE EDT 100ML,Briki Parfums,DIOR SAUVAGE 100 ml,"31,500 DZD",31500,In Stock,https://briki-parfums.com/parfums-homme/dior-sauvage-2/
DIOR SAUVAGE EDT 100ML,Briki Parfums,DIOR SAUVAGE 100 ml,"25,500 DZD",25500,In Stock,https://briki-parfums.com/parfums-homme/dior-sauvage/
DOLCE GABBANA KING EDP 100 ML,Smell Good Dz,Dolce & Gabbana King,"25,500 DZD",25500,In Stock,https://smellgood-dz.com/products/dolce-gabbana-king-3
DOLCE GABBANA KING EDP 100 ML,Smell Good Dz,Dolce & Gabbana King,"25,500 DZD",25500,In Stock,https://smellgood-dz.com/products/dolce-gabbana-king-2
DOLCE GABBANA KING EDP 100 ML,Smell Good Dz,Dolce & Gabbana King (10ml),"2,200 DZD",2200,In Stock,https://smellgood-dz.com/products/dolce-gabbana-king-1
DOLCE GABBANA KING EDP 100 ML,Smell Good Dz,Dolce & Gabbana King (20ml),"4,400 DZD",4400,In Stock,https://smellgood-dz.com/products/dolce-gabbana-king-1
DOLCE GABBANA KING EDP 100 ML,Smell Good Dz,Dolce & Gabbana King (30ml),"6,600 DZD",6600,In Stock,https://smellgood-dz.com/products/dolce-gabbana-king-1
DOLCE GABBANA KING EDP 100 ML,Smell Good Dz,Dolce & Gabbana King (40ml),"8,800 DZD",8800,In Stock,https://smellgood-dz.com/products/dolce-gabbana-king-1
DOLCE GABBANA KING EDP 100 ML,Smell Good Dz,Dolce & Gabbana King (50ml),"11,000 DZD",11000,In Stock,https://smellgood-dz.com/products/dolce-gabbana-king-1
DOLCE GABBANA KING EDP 100 ML,Smell Good Dz,Dolce & Gabbana King Edt 50ml / 100ml / 150ml (50ml),"14,000 DZD",14000,In Stock,https://smellgood-dz.com/products/dolce-gabbana-king-edt-50ml-100ml-150ml
DOLCE GABBANA KING EDP 100 ML,Smell Good Dz,Dolce & Gabbana King Edt 50ml / 100ml / 150ml (100ml),"18,000 DZD",18000,In Stock,https://smellgood-dz.com/products/dolce-gabbana-king-edt-50ml-100ml-150ml
DOLCE GABBANA KING EDP 100 ML,Smell Good Dz,Dolce & Gabbana King Edt 50ml / 100ml / 150ml (150ml),"22,000 DZD",22000,In Stock,https://smellgood-dz.com/products/dolce-gabbana-king-edt-50ml-100ml-150ml
DOLCE GABBANA KING EDP 100 ML,Smell Good Dz,Dolce & Gabbana King,"22,500 DZD",22500,In Stock,https://smellgood-dz.com/products/dolce-gabbana-king-edt-coffret-edt-100ml-edt-10ml-gel-douche-50ml
DOLCE GABBANA KING EDP 100 ML,Smell Good Dz,Dolce & Gabbana King Intense 100ml,"22,500 DZD",22500,In Stock,https://smellgood-dz.com/products/dolce-gabbana-king-intense-100ml
DOLCE GABBANA KING EDP 100 ML,Smell Good Dz,Dolce & Gabbana King Edp 50ml / 100ml / 200ml (50ml),"17,000 DZD",17000,In Stock,https://smellgood-dz.com/products/dolce-gabbana-king-edp-50ml-100ml-150ml-200ml
DOLCE GABBANA KING EDP 100 ML,Smell Good Dz,Dolce & Gabbana King Edp 50ml / 100ml / 200ml (100ml),"21,000 DZD",21000,In Stock,https://smellgood-dz.com/products/dolce-gabbana-king-edp-50ml-100ml-150ml-200ml
DOLCE GABBANA KING EDP 100 ML,Smell Good Dz,Dolce & Gabbana King Edp 50ml / 100ml / 200ml (200ml),"29,000 DZD",29000,In Stock,https://smellgood-dz.com/products/dolce-gabbana-king-edp-50ml-100ml-150ml-200ml
DOLCE GABBANA KING EDP 100 ML,Smell Good Dz,Dolce & Gabbana King,"31,500 DZD",31500,In Stock,https://smellgood-dz.com/products/dolce-gabbana-king
DOLCE GABBANA KING EDP 100 ML,Gallery Parfums Dz,DOLCE & GABBANA POUR FEMME,"18,600 DZD",18600,In Stock,https://galleryparfums-dz.com/produit/dolce-gabbana-pour-femme/
Dior Homme intense 100ml EDP,Smell Good Dz,Dior Homme Intense (10ml),"3,400 DZD",3400,In Stock,https://smellgood-dz.com/products/dior-homme-intense
Dior Homme intense 100ml EDP,Smell Good Dz,Dior Homme Intense (20ml),"6,800 DZD",6800,In Stock,https://smellgood-dz.com/products/dior-homme-intense
Dior Homme intense 100ml EDP,Smell Good Dz,Dior Homme Intense (30ml),"10,200 DZD",10200,In Stock,https://smellgood-dz.com/products/dior-homme-intense
Dior Homme intense 100ml EDP,Smell Good Dz,Dior Homme Intense (40ml),"13,600 DZD",13600,In Stock,https://smellgood-dz.com/products/dior-homme-intense
Dior Homme intense 100ml EDP,Smell Good Dz,Dior Homme Intense (50ml),"17,000 DZD",17000,In Stock,https://smellgood-dz.com/products/dior-homme-intense
Dior Homme intense 100ml EDP,Smell Good Dz,Dior Joy Intense 90ml,"31,000 DZD",31000,In Stock,https://smellgood-dz.com/products/dior-joy-intense-90ml
Dior Homme intense 100ml EDP,Smell Good Dz,Dior Homme Intense Edp 50ml / 100ml / 150ml (2025) (50ml),"25,000 DZD",25000,In Stock,https://smellgood-dz.com/products/dior-homme-intense-edp-100ml-150ml-2025
Dior Homme intense 100ml EDP,Smell Good Dz,Dior Homme Intense Edp 50ml / 100ml / 150ml (2025) (100ml),"31,000 DZD",31000,In Stock,https://smellgood-dz.com/products/dior-homme-intense-edp-100ml-150ml-2025
Dior Homme intense 100ml EDP,Smell Good Dz,Dior Homme Intense Edp 50ml / 100ml / 150ml (2025) (150ml),"38,500 DZD",38500,In Stock,https://smellgood-dz.com/products/dior-homme-intense-edp-100ml-150ml-2025
Dior Homme intense 100ml EDP,Smell Good Dz,Dior Homme Intense Edp 50ml / 100ml / 150ml (50ml),"27,000 DZD",27000,In Stock,https://smellgood-dz.com/products/dior-homme-intense-edp-50ml-100ml-150ml
Dior Homme intense 100ml EDP,Smell Good Dz,Dior Homme Intense Edp 50ml / 100ml / 150ml (100ml),"33,000 DZD",33000,In Stock,https://smellgood-dz.com/products/dior-homme-intense-edp-50ml-100ml-150ml
Dior Homme intense 100ml EDP,Smell Good Dz,Dior Homme Intense Edp 50ml / 100ml / 150ml (150ml),"41,000 DZD",41000,In Stock,https://smellgood-dz.com/products/dior-homme-intense-edp-50ml-100ml-150ml
Dior Homme intense 100ml EDP,Odorem Dz,Dior J’adore Intense 100ml,"36,500 DZD",36500,In Stock,https://odorem-dz.com/produit/dior-jadore-intense-100ml/
Dior Homme intense 100ml EDP,Odorem Dz,Dior J’adore Intense 100ml,"36,500 DZD",36500,In Stock,https://odorem-dz.com/produit/dior-jadore-intense-100ml/
Dior Homme intense 100ml EDP,Odorem Dz,Dior Joy intense 90ml,"29,500 DZD",29500,In Stock,https://odorem-dz.com/produit/dior-joy-intense-90ml/
Dior Homme intense 100ml EDP,Odorem Dz,Dior Joy intense 90ml,"29,500 DZD",29500,In Stock,https://odorem-dz.com/produit/dior-joy-intense-90ml/
Dior Homme intense 100ml EDP,Odorem Dz,Dior Homme intense 150ml edp,"37,500 DZD",37500,In Stock,https://odorem-dz.com/produit/dior-homme-intense-150ml-edp/
Dior Homme intense 100ml EDP,Odorem Dz,Dior Homme intense 150ml edp,"37,500 DZD",37500,In Stock,https://odorem-dz.com/produit/dior-homme-intense-150ml-edp/
Dior Homme intense 100ml EDP,Odorem Dz,Dior Homme intense 100ml EDP,"30,800 DZD",30800,In Stock,https://odorem-dz.com/produit/dior-homme-intense-eau-de-parfum-100ml/
Dior Homme intense 100ml EDP,Odorem Dz,Dior Homme intense 100ml EDP,"30,800 DZD",30800,In Stock,https://odorem-dz.com/produit/dior-homme-intense-eau-de-parfum-100ml/
Dior Homme intense 100ml EDP,Briki Parfums,DIOR J’adore Intense,"38,500 DZD",38500,In Stock,https://briki-parfums.com/new/dior-jadore-intense/
Dior Homme intense 100ml EDP,Briki Parfums,DIOR HOMME  INTENSE,"29,500 DZD",29500,In Stock,https://briki-parfums.com/parfums-homme/dior-dior-homme-intense/
Déclaration Cartier 150ml edt,Smell Good Dz,Cartier Déclaration (10ml),"2,500 DZD",2500,In Stock,https://smellgood-dz.com/products/cartier-declaration
Déclaration Cartier 150ml edt,Smell Good Dz,Cartier Déclaration (20ml),"5,000 DZD",5000,In Stock,https://smellgood-dz.com/products/cartier-declaration
Déclaration Cartier 150ml edt,Smell Good Dz,Cartier Déclaration (30ml),"7,500 DZD",7500,In Stock,https://smellgood-dz.com/products/cartier-declaration
Déclaration Cartier 150ml edt,Smell Good Dz,Cartier Déclaration (40ml),"10,000 DZD",10000,In Stock,https://smellgood-dz.com/products/cartier-declaration
Déclaration Cartier 150ml edt,Smell Good Dz,Cartier Déclaration (50ml),"12,500 DZD",12500,In Stock,https://smellgood-dz.com/products/cartier-declaration
Déclaration Cartier 150ml edt,Smell Good Dz,Cartier Déclaration le Parfum 100ml / 150ml (100ml (Nouveau Packaging)),"25,500 DZD",25500,In Stock,https://smellgood-dz.com/products/cartier-declaration-le-parfum-100ml-150ml
Déclaration Cartier 150ml edt,Smell Good Dz,Cartier Déclaration le Parfum 100ml / 150ml (100ml (Ancien Packaging)),"28,500 DZD",28500,In Stock,https://smellgood-dz.com/products/cartier-declaration-le-parfum-100ml-150ml
Déclaration Cartier 150ml edt,Smell Good Dz,Cartier Déclaration le Parfum 100ml / 150ml (150ml (Ancien Packaging),"33,500 DZD",33500,In Stock,https://smellgood-dz.com/products/cartier-declaration-le-parfum-100ml-150ml
Déclaration Cartier 150ml edt,Smell Good Dz,Cartier Déclaration Edt 50ml / 100ml (50ml),"18,000 DZD",18000,In Stock,https://smellgood-dz.com/products/cartier-declaration-edt-50ml-100ml
Déclaration Cartier 150ml edt,Smell Good Dz,Cartier Déclaration Edt 50ml / 100ml (100ml),"22,500 DZD",22500,In Stock,https://smellgood-dz.com/products/cartier-declaration-edt-50ml-100ml
Déclaration Cartier 150ml edt,Smell Good Dz,Cartier Déclaration,"25,000 DZD",25000,In Stock,https://smellgood-dz.com/products/cartier-declaration-coffret
Déclaration Cartier 150ml edt,Odorem Dz,Déclaration cartier Parfum 150ml,"28,300 DZD",28300,In Stock,https://odorem-dz.com/produit/declaration-cartier-parfum-150ml/
Déclaration Cartier 150ml edt,Odorem Dz,Déclaration cartier Parfum 150ml,"28,300 DZD",28300,In Stock,https://odorem-dz.com/produit/declaration-cartier-parfum-150ml/
Déclaration Cartier 150ml edt,Odorem Dz,Déclaration Cartier 100ml edt,"23,000 DZD",23000,In Stock,https://odorem-dz.com/produit/declaration-cartier-100ml-edt/
Déclaration Cartier 150ml edt,Odorem Dz,Déclaration Cartier 100ml edt,"23,000 DZD",23000,In Stock,https://odorem-dz.com/produit/declaration-cartier-100ml-edt/
Déclaration Cartier 150ml edt,Odorem Dz,Cartier Déclaration – Coffet Eau de toilette 50ml +gel Douche,"19,000 DZD",19000,In Stock,https://odorem-dz.com/produit/cartier-declaration-coffet-eau-de-toilette-50ml-gel-douche/
Déclaration Cartier 150ml edt,Odorem Dz,Cartier Déclaration – Coffet Eau de toilette 50ml +gel Douche,"19,000 DZD",19000,In Stock,https://odorem-dz.com/produit/cartier-declaration-coffet-eau-de-toilette-50ml-gel-douche/
Déclaration Cartier 150ml edt,Odorem Dz,Déclaration Haute Fraîcheur Cartier 50ml edt,"13,800 DZD",13800,In Stock,https://odorem-dz.com/produit/declaration-haute-fraicheur-cartier-50ml-edt/
Déclaration Cartier 150ml edt,Odorem Dz,Déclaration Haute Fraîcheur Cartier 50ml edt,"13,800 DZD",13800,In Stock,https://odorem-dz.com/produit/declaration-haute-fraicheur-cartier-50ml-edt/
Déclaration Cartier 150ml edt,Odorem Dz,Déclaration Haute Fraîcheur Cartier 100ml edt,"17,500 DZD",17500,In Stock,https://odorem-dz.com/produit/declaration-haute-fraicheur-cartier-100ml-edt/
Déclaration Cartier 150ml edt,Odorem Dz,Déclaration Haute Fraîcheur Cartier 100ml edt,"17,500 DZD",17500,In Stock,https://odorem-dz.com/produit/declaration-haute-fraicheur-cartier-100ml-edt/
Déclaration Cartier 150ml edt,Odorem Dz,Cartier Déclaration Parfum 100ml,"24,500 DZD",24500,In Stock,https://odorem-dz.com/produit/declaration-parfum-cartier-100ml/
Déclaration Cartier 150ml edt,Odorem Dz,Cartier Déclaration Parfum 100ml,"24,500 DZD",24500,In Stock,https://odorem-dz.com/produit/declaration-parfum-cartier-100ml/
Déclaration Cartier 150ml edt,Briki Parfums,Déclaration Cartier Essence 100 ml,"17,500 DZD",17500,In Stock,https://briki-parfums.com/parfums-homme/declaration-cartier-essence/
Déclaration Cartier 150ml edt,Briki Parfums,Déclaration Cartier Parfum,"21,500 DZD",21500,In Stock,https://briki-parfums.com/parfums-homme/declaration-cartier-parfum/
Déclaration Cartier 150ml edt,Briki Parfums,Déclaration Cartier Haute Fraîcheur 100 ml,"17,500 DZD",17500,In Stock,https://briki-parfums.com/parfums-homme/declaration-cartier-haute-fraicheur/
Déclaration Cartier 150ml edt,Briki Parfums,Coffret cartier Déclaration,"26,500 DZD",26500,In Stock,https://briki-parfums.com/coffrets/coffret-cartier-declaration/
Déclaration Cartier 150ml edt,Briki Parfums,CARTIER Déclaration 100 ml,"22,500 DZD",22500,In Stock,https://briki-parfums.com/parfums-homme/cartier-declaration/
Dior Homme intense 50ml EDP,Smell Good Dz,Dior Homme Intense (10ml),"3,400 DZD",3400,In Stock,https://smellgood-dz.com/products/dior-homme-intense
Dior Homme intense 50ml EDP,Smell Good Dz,Dior Homme Intense (20ml),"6,800 DZD",6800,In Stock,https://smellgood-dz.com/products/dior-homme-intense
Dior Homme intense 50ml EDP,Smell Good Dz,Dior Homme Intense (30ml),"10,200 DZD",10200,In Stock,https://smellgood-dz.com/products/dior-homme-intense
Dior Homme intense 50ml EDP,Smell Good Dz,Dior Homme Intense (40ml),"13,600 DZD",13600,In Stock,https://smellgood-dz.com/products/dior-homme-intense
Dior Homme intense 50ml EDP,Smell Good Dz,Dior Homme Intense (50ml),"17,000 DZD",17000,In Stock,https://smellgood-dz.com/products/dior-homme-intense
Dior Homme intense 50ml EDP,Smell Good Dz,Dior Joy Intense 90ml,"31,000 DZD",31000,In Stock,https://smellgood-dz.com/products/dior-joy-intense-90ml
Dior Homme intense 50ml EDP,Smell Good Dz,Dior Homme Intense Edp 50ml / 100ml / 150ml (2025) (50ml),"25,000 DZD",25000,In Stock,https://smellgood-dz.com/products/dior-homme-intense-edp-100ml-150ml-2025
Dior Homme intense 50ml EDP,Smell Good Dz,Dior Homme Intense Edp 50ml / 100ml / 150ml (2025) (100ml),"31,000 DZD",31000,In Stock,https://smellgood-dz.com/products/dior-homme-intense-edp-100ml-150ml-2025
Dior Homme intense 50ml EDP,Smell Good Dz,Dior Homme Intense Edp 50ml / 100ml / 150ml (2025) (150ml),"38,500 DZD",38500,In Stock,https://smellgood-dz.com/products/dior-homme-intense-edp-100ml-150ml-2025
Dior Homme intense 50ml EDP,Smell Good Dz,Dior Homme Intense Edp 50ml / 100ml / 150ml (50ml),"27,000 DZD",27000,In Stock,https://smellgood-dz.com/products/dior-homme-intense-edp-50ml-100ml-150ml
Dior Homme intense 50ml EDP,Smell Good Dz,Dior Homme Intense Edp 50ml / 100ml / 150ml (100ml),"33,000 DZD",33000,In Stock,https://smellgood-dz.com/products/dior-homme-intense-edp-50ml-100ml-150ml
Dior Homme intense 50ml EDP,Smell Good Dz,Dior Homme Intense Edp 50ml / 100ml / 150ml (150ml),"41,000 DZD",41000,In Stock,https://smellgood-dz.com/products/dior-homme-intense-edp-50ml-100ml-150ml
Dior Homme intense 50ml EDP,Odorem Dz,Dior J’adore Intense 100ml,"36,500 DZD",36500,In Stock,https://odorem-dz.com/produit/dior-jadore-intense-100ml/
Dior Homme intense 50ml EDP,Odorem Dz,Dior J’adore Intense 100ml,"36,500 DZD",36500,In Stock,https://odorem-dz.com/produit/dior-jadore-intense-100ml/
Dior Homme intense 50ml EDP,Odorem Dz,Dior Joy intense 90ml,"29,500 DZD",29500,In Stock,https://odorem-dz.com/produit/dior-joy-intense-90ml/
Dior Homme intense 50ml EDP,Odorem Dz,Dior Joy intense 90ml,"29,500 DZD",29500,In Stock,https://odorem-dz.com/produit/dior-joy-intense-90ml/
Dior Homme intense 50ml EDP,Odorem Dz,Dior Homme intense 150ml edp,"37,500 DZD",37500,In Stock,https://odorem-dz.com/produit/dior-homme-intense-150ml-edp/
Dior Homme intense 50ml EDP,Odorem Dz,Dior Homme intense 150ml edp,"37,500 DZD",37500,In Stock,https://odorem-dz.com/produit/dior-homme-intense-150ml-edp/
Dior Homme intense 50ml EDP,Odorem Dz,Dior Homme intense 100ml EDP,"30,800 DZD",30800,In Stock,https://odorem-dz.com/produit/dior-homme-intense-eau-de-parfum-100ml/
Dior Homme intense 50ml EDP,Odorem Dz,Dior Homme intense 100ml EDP,"30,800 DZD",30800,In Stock,https://odorem-dz.com/produit/dior-homme-intense-eau-de-parfum-100ml/
Dior Homme intense 50ml EDP,Briki Parfums,DIOR J’adore Intense,"38,500 DZD",38500,In Stock,https://briki-parfums.com/new/dior-jadore-intense/
Dior Homme intense 50ml EDP,Briki Parfums,DIOR HOMME  INTENSE,"29,500 DZD",29500,In Stock,https://briki-parfums.com/parfums-homme/dior-dior-homme-intense/
EMPORIO ARMANI STRONGER WITH YOU POWERFULLY EDP 100ML,Smell Good Dz,Emporio Armani Stronger with You Powerfully Edp 100ml,"28,500 DZD",28500,In Stock,https://smellgood-dz.com/products/emporio-armani-powerfully-edp-100ml
EMPORIO ARMANI STRONGER WITH YOU POWERFULLY EDP 100ML,Briki Parfums,EMPORIO ARMANI Stronger With You Powerfully,"26,500 DZD",26500,In Stock,https://briki-parfums.com/new/emporio-armani-stronger-with-you-powerfully/
EMPORIO ARMANI STRONGER WITH YOU POWERFULLY EDP 100ML,Briki Parfums,COFFRET EMPORIO ARMANI STRONGER WITH YOU,"24,500 DZD",24500,In Stock,https://briki-parfums.com/parfums-homme/coffret-emporio-armani-stronger-with-you/
EMPORIO ARMANI STRONGER WITH YOU POWERFULLY EDP 100ML,Briki Parfums,GIORGIO ARMANI EMPORIO ARMANI STRONGER WITH YOU,"19,500 DZD",19500,In Stock,https://briki-parfums.com/parfums-homme/giorgio-armani-emporio-armani-stronger-with-you/
EMPORIO ARMANI STRONGER WITH YOU POWERFULLY EDP 100ML,Briki Parfums,EMPORIO ARMANI STRONGER WITH YOU ONLY,"19,500 DZD",19500,In Stock,https://briki-parfums.com/parfums-homme/emporio-armani-stronger-with-you-only/
EMPORIO ARMANI STRONGER WITH YOU POWERFULLY EDP 100ML,Briki Parfums,EMPORIO ARMANI STRONGER WITH YOU INTENSLY 100 ml,"22,000 DZD",22000,In Stock,https://briki-parfums.com/promo/stronger-with-you-intensly/
EMPORIO ARMANI STRONGER WITH YOU POWERFULLY EDP 100ML,Briki Parfums,EMPORIO ARMANI STRONGER WITH YOU ABSOLETLY 100 ml,"22,000 DZD",22000,In Stock,https://briki-parfums.com/promo/stronger-with-you-absoletly/
EMPORIO ARMANI STRONGER WITH YOU INTENSELY EDP 100ML,Smell Good Dz,Emporio Armani Stronger with You Intensely,"22,500 DZD",22500,In Stock,https://smellgood-dz.com/products/emporio-armani-stronger-with-you-intensely-1
EMPORIO ARMANI STRONGER WITH YOU INTENSELY EDP 100ML,Smell Good Dz,Emporio Armani Stronger With You Intensely (10ml),"2,700 DZD",2700,In Stock,https://smellgood-dz.com/products/emporio-armani-stronger-with-you-intensely
EMPORIO ARMANI STRONGER WITH YOU INTENSELY EDP 100ML,Smell Good Dz,Emporio Armani Stronger With You Intensely (20ml),"5,400 DZD",5400,In Stock,https://smellgood-dz.com/products/emporio-armani-stronger-with-you-intensely
EMPORIO ARMANI STRONGER WITH YOU INTENSELY EDP 100ML,Smell Good Dz,Emporio Armani Stronger With You Intensely (30ml),"8,100 DZD",8100,In Stock,https://smellgood-dz.com/products/emporio-armani-stronger-with-you-intensely
EMPORIO ARMANI STRONGER WITH YOU INTENSELY EDP 100ML,Smell Good Dz,Emporio Armani Stronger with You Intensely 50ml / 100ml / 150ml (50ml),"20,000 DZD",20000,In Stock,https://smellgood-dz.com/products/emporio-armani-stronger-with-you-intensely-50ml-100ml
EMPORIO ARMANI STRONGER WITH YOU INTENSELY EDP 100ML,Smell Good Dz,Emporio Armani Stronger with You Intensely 50ml / 100ml / 150ml (100ml),"24,000 DZD",24000,In Stock,https://smellgood-dz.com/products/emporio-armani-stronger-with-you-intensely-50ml-100ml
EMPORIO ARMANI STRONGER WITH YOU INTENSELY EDP 100ML,Smell Good Dz,Emporio Armani Stronger with You Intensely 50ml / 100ml / 150ml (150ml),"30,000 DZD",30000,In Stock,https://smellgood-dz.com/products/emporio-armani-stronger-with-you-intensely-50ml-100ml
EMPORIO ARMANI STRONGER WITH YOU INTENSELY EDP 100ML,Briki Parfums,EMPORIO ARMANI Stronger With You Powerfully,"26,500 DZD",26500,In Stock,https://briki-parfums.com/new/emporio-armani-stronger-with-you-powerfully/
EMPORIO ARMANI STRONGER WITH YOU INTENSELY EDP 100ML,Briki Parfums,COFFRET EMPORIO ARMANI STRONGER WITH YOU,"24,500 DZD",24500,In Stock,https://briki-parfums.com/parfums-homme/coffret-emporio-armani-stronger-with-you/
EMPORIO ARMANI STRONGER WITH YOU INTENSELY EDP 100ML,Briki Parfums,GIORGIO ARMANI EMPORIO ARMANI STRONGER WITH YOU,"19,500 DZD",19500,In Stock,https://briki-parfums.com/parfums-homme/giorgio-armani-emporio-armani-stronger-with-you/
EMPORIO ARMANI STRONGER WITH YOU INTENSELY EDP 100ML,Briki Parfums,EMPORIO ARMANI STRONGER WITH YOU ONLY,"19,500 DZD",19500,In Stock,https://briki-parfums.com/parfums-homme/emporio-armani-stronger-with-you-only/
EMPORIO ARMANI STRONGER WITH YOU INTENSELY EDP 100ML,Briki Parfums,EMPORIO ARMANI STRONGER WITH YOU INTENSLY 100 ml,"22,000 DZD",22000,In Stock,https://briki-parfums.com/promo/stronger-with-you-intensly/
EMPORIO ARMANI STRONGER WITH YOU INTENSELY EDP 100ML,Briki Parfums,EMPORIO ARMANI STRONGER WITH YOU ABSOLETLY 100 ml,"22,000 DZD",22000,In Stock,https://briki-parfums.com/promo/stronger-with-you-absoletly/
ENCENS MYTHIQUE EDP 125ML,Smell Good Dz,Guerlain Encens Mythique Edp 125ml,"28,000 DZD",28000,In Stock,https://smellgood-dz.com/products/guerlain-encens-mythique-edp-125ml
ENCENS MYTHIQUE EDP 125ML,Briki Parfums,GUERLAIN Les Absolus d’Orient Encens Mythique 125 ml,"26,500 DZD",26500,In Stock,https://briki-parfums.com/parfums-homme/guerlain-les-absolus-dorient-encens-mythique-125-ml/
Eros 100ML Eau De Parfum,Smell Good Dz,Versace Eros (10ml),"2,300 DZD",2300,In Stock,https://smellgood-dz.com/products/versace-eros
Eros 100ML Eau De Parfum,Smell Good Dz,Versace Eros (20ml),"4,600 DZD",4600,In Stock,https://smellgood-dz.com/products/versace-eros
Eros 100ML Eau De Parfum,Smell Good Dz,Versace Eros (30ml),"6,900 DZD",6900,In Stock,https://smellgood-dz.com/products/versace-eros
Eros 100ML Eau De Parfum,Smell Good Dz,Versace Eros le Parfum 100ml / 200ml (100ml),"23,000 DZD",23000,In Stock,https://smellgood-dz.com/products/versace-eros-le-parfum-100ml-200ml
Eros 100ML Eau De Parfum,Smell Good Dz,Versace Eros le Parfum 100ml / 200ml (200ml),"28,000 DZD",28000,In Stock,https://smellgood-dz.com/products/versace-eros-le-parfum-100ml-200ml
Eros 100ML Eau De Parfum,Smell Good Dz,Versace Eros Edt 50ml / 100ml / 200ml (50ml),"14,000 DZD",14000,In Stock,https://smellgood-dz.com/products/versace-eros-edt-100ml-200ml
Eros 100ML Eau De Parfum,Smell Good Dz,Versace Eros Edt 50ml / 100ml / 200ml (100ml),"18,000 DZD",18000,In Stock,https://smellgood-dz.com/products/versace-eros-edt-100ml-200ml
Eros 100ML Eau De Parfum,Smell Good Dz,Versace Eros Edt 50ml / 100ml / 200ml (200ml),"22,500 DZD",22500,In Stock,https://smellgood-dz.com/products/versace-eros-edt-100ml-200ml
Eros 100ML Eau De Parfum,Smell Good Dz,Versace Eros Edp 100ml / 200ml (100ml),"20,000 DZD",20000,In Stock,https://smellgood-dz.com/products/versace-eros-homme-edp-100ml-200ml
Eros 100ML Eau De Parfum,Smell Good Dz,Versace Eros Edp 100ml / 200ml (200ml),"25,000 DZD",25000,In Stock,https://smellgood-dz.com/products/versace-eros-homme-edp-100ml-200ml
Eros 100ML Eau De Parfum,Smell Good Dz,Versace Eros Edt 100ml,"19,500 DZD",19500,Out of Stock,https://smellgood-dz.com/products/versace-eros-edt-100ml
Eros 100ML Eau De Parfum,Smell Good Dz,Versace Eros Edp 100ml,"21,000 DZD",21000,In Stock,https://smellgood-dz.com/products/versace-eros-edp-100ml
Eros 100ML Eau De Parfum,Odorem Dz,Versace eros Najim 200ml,"26,000 DZD",26000,In Stock,https://odorem-dz.com/produit/versace-eros-najim-200ml/
Eros 100ML Eau De Parfum,Odorem Dz,Versace eros Najim 200ml,"26,000 DZD",26000,In Stock,https://odorem-dz.com/produit/versace-eros-najim-200ml/
Eros 100ML Eau De Parfum,Odorem Dz,Versace eros energy 100ml EDP,"21,500 DZD",21500,In Stock,https://odorem-dz.com/produit/versace-eros-energy-100ml-edp/
Eros 100ML Eau De Parfum,Odorem Dz,Versace eros energy 100ml EDP,"21,500 DZD",21500,In Stock,https://odorem-dz.com/produit/versace-eros-energy-100ml-edp/
Eros 100ML Eau De Parfum,Odorem Dz,Versace eros najim parfum 100ml,"23,500 DZD",23500,In Stock,https://odorem-dz.com/produit/versace-eros-najim-parfum-100ml/
Eros 100ML Eau De Parfum,Odorem Dz,Versace eros najim parfum 100ml,"23,500 DZD",23500,In Stock,https://odorem-dz.com/produit/versace-eros-najim-parfum-100ml/
Eros 100ML Eau De Parfum,Odorem Dz,Versace Eros Parfum 100 ML,"21,500 DZD",21500,In Stock,https://odorem-dz.com/produit/versace-eros-parfum-100-ml/
Eros 100ML Eau De Parfum,Odorem Dz,Versace Eros Parfum 100 ML,"21,500 DZD",21500,In Stock,https://odorem-dz.com/produit/versace-eros-parfum-100-ml/
Eros 100ML Eau De Parfum,Odorem Dz,Versace Eros Parfum 200ml,"26,500 DZD",26500,In Stock,https://odorem-dz.com/produit/versace-eros-parfum-200ml/
Eros 100ML Eau De Parfum,Odorem Dz,Versace Eros Parfum 200ml,"26,500 DZD",26500,In Stock,https://odorem-dz.com/produit/versace-eros-parfum-200ml/
Eros 100ML Eau De Parfum,Odorem Dz,Versace eros 200ml edp,"23,800 DZD",23800,In Stock,https://odorem-dz.com/produit/versace-eros-200ml-edp/
Eros 100ML Eau De Parfum,Odorem Dz,Versace eros 200ml edp,"23,800 DZD",23800,In Stock,https://odorem-dz.com/produit/versace-eros-200ml-edp/
Eros 100ML Eau De Parfum,Odorem Dz,Versace Eros flame 100ml EDP,"18,800 DZD",18800,In Stock,https://odorem-dz.com/produit/eros-flame-eau-de-parfum-100ml/
Eros 100ML Eau De Parfum,Odorem Dz,Versace Eros flame 100ml EDP,"18,800 DZD",18800,In Stock,https://odorem-dz.com/produit/eros-flame-eau-de-parfum-100ml/
Eros 100ML Eau De Parfum,Odorem Dz,Versace eros 100ml Edp,"19,500 DZD",19500,In Stock,https://odorem-dz.com/produit/versace-eros-eau-de-parfum-100ml/
Eros 100ML Eau De Parfum,Odorem Dz,Versace eros 100ml Edp,"19,500 DZD",19500,In Stock,https://odorem-dz.com/produit/versace-eros-eau-de-parfum-100ml/
Eros 100ML Eau De Parfum,Odorem Dz,Eros Versace femme 100ml Eau De parfum,"19,500 DZD",19500,In Stock,https://odorem-dz.com/produit/eros-versace-femme-100ml-eau-de-parfum/
Eros 100ML Eau De Parfum,Odorem Dz,Eros Versace femme 100ml Eau De parfum,"19,500 DZD",19500,In Stock,https://odorem-dz.com/produit/eros-versace-femme-100ml-eau-de-parfum/
Eros 100ML Eau De Parfum,Gallery Parfums Dz,VERSACE EROS,"18,600 DZD",18600,In Stock,https://galleryparfums-dz.com/produit/versace-eros-2/
Eros 100ML Eau De Parfum,Gallery Parfums Dz,EROS PARFUM,"22,900 DZD",22900,In Stock,https://galleryparfums-dz.com/produit/eros-parfum/
Eros 100ML Eau De Parfum,Gallery Parfums Dz,EROS Eau de Parfum,"20,600 DZD",20600,In Stock,https://galleryparfums-dz.com/produit/eros-eau-de-parfum/
Eros 100ML Eau De Parfum,Gallery Parfums Dz,EROS,"126,000,023,900,001,260,000,239 DZD",126000023900001260000239,In Stock,https://galleryparfums-dz.com/produit/eros/
Eros 100ML Eau De Parfum,Gallery Parfums Dz,EROS FLAME,"184,000,024,600,001,840,000,246 DZD",184000024600001840000246,In Stock,https://galleryparfums-dz.com/produit/eros-flame/
Eros 100ML Eau De Parfum,Briki Parfums,VERSACE Eros Energy,"22,500 DZD",22500,In Stock,https://briki-parfums.com/new/versace-eros-energy/
Eros 100ML Eau De Parfum,Briki Parfums,Versace Eros flame,"18,500 DZD",18500,In Stock,https://briki-parfums.com/parfums-homme/versace-eros-flame/
Eros 100ML Eau De Parfum,Briki Parfums,Versace Eros Najim Parfum 100ml,"24,500 DZD",24500,In Stock,https://briki-parfums.com/new/versace-eros-najim-parfum-100ml/
Eros 100ML Eau De Parfum,Briki Parfums,VERSACE EROS 100 ml,"22,500 DZD",22500,In Stock,https://briki-parfums.com/parfums-homme/versace-eros-parfum/
Eros 100ML Eau De Parfum,Briki Parfums,VERSACE EROS,"16,500 DZD",16500,In Stock,https://briki-parfums.com/parfums-homme/versace-eros-3/
Eros 100ML Eau De Parfum,Briki Parfums,VERSACE EROS,"21,500 DZD",21500,In Stock,https://briki-parfums.com/parfums-homme/versace-eros-2/
Eros 100ML Eau De Parfum,Briki Parfums,VERSACE EROS POUR FEMME 100 ml,"21,500 DZD",21500,In Stock,https://briki-parfums.com/parfums-femme/versace-eros-pour-femme/
Erba Pura Xerjoff,Smell Good Dz,Xerjoff Erba Pura (5ml),"2,900 DZD",2900,In Stock,https://smellgood-dz.com/products/xerjoff-erba-pura
Erba Pura Xerjoff,Smell Good Dz,Xerjoff Erba Pura (10ml),"5,800 DZD",5800,In Stock,https://smellgood-dz.com/products/xerjoff-erba-pura
Erba Pura Xerjoff,Smell Good Dz,Xerjoff Erba Pura (20ml),"11,600 DZD",11600,In Stock,https://smellgood-dz.com/products/xerjoff-erba-pura
Erba Pura Xerjoff,Smell Good Dz,Xerjoff Erba Pura (30ml),"17,400 DZD",17400,In Stock,https://smellgood-dz.com/products/xerjoff-erba-pura
Erba Pura Xerjoff,Smell Good Dz,Xerjoff Erba Pura Edp 100ml,"52,000 DZD",52000,In Stock,https://smellgood-dz.com/products/xerjoff-erba-gold-edp-100ml-copie
Erba Pura Xerjoff,Odorem Dz,Deodorant xerjoff erba pura 100ml,"12,500 DZD",12500,In Stock,https://odorem-dz.com/produit/deodorant-xerjoff-erba-pura-100ml/
Erba Pura Xerjoff,Odorem Dz,Deodorant xerjoff erba pura 100ml,"12,500 DZD",12500,In Stock,https://odorem-dz.com/produit/deodorant-xerjoff-erba-pura-100ml/
Erba Pura Xerjoff,Odorem Dz,Xerjoff Erba Pura – Eau De Parfum 100ml,"50,000 DZD",50000,In Stock,https://odorem-dz.com/produit/xerjoff-erba-pura-eau-de-parfum-100ml/
Erba Pura Xerjoff,Odorem Dz,Xerjoff Erba Pura – Eau De Parfum 100ml,"50,000 DZD",50000,In Stock,https://odorem-dz.com/produit/xerjoff-erba-pura-eau-de-parfum-100ml/
Erba Pura Xerjoff,Gallery Parfums Dz,ERBA PURA DEODORANT SPRAY,"11,400 DZD",11400,In Stock,https://galleryparfums-dz.com/produit/erba-pura-deodorant-spray/
Erba Pura Xerjoff,Gallery Parfums Dz,ERBA PURA,"349,000,055,900,003,490,000,559 DZD",349000055900003490000559,In Stock,https://galleryparfums-dz.com/produit/erba-pura/
Erba Pura Xerjoff,Briki Parfums,XERJOFF ERBA PURA,"49,500 DZD",49500,In Stock,https://briki-parfums.com/wp-content/uploads/2023/07/IMG_5960.jpeg
Eros 200ML Le Parfum,Smell Good Dz,Versace Eros (10ml),"2,300 DZD",2300,In Stock,https://smellgood-dz.com/products/versace-eros
Eros 200ML Le Parfum,Smell Good Dz,Versace Eros (20ml),"4,600 DZD",4600,In Stock,https://smellgood-dz.com/products/versace-eros
Eros 200ML Le Parfum,Smell Good Dz,Versace Eros (30ml),"6,900 DZD",6900,In Stock,https://smellgood-dz.com/products/versace-eros
Eros 200ML Le Parfum,Smell Good Dz,Versace Eros le Parfum 100ml / 200ml (100ml),"23,000 DZD",23000,In Stock,https://smellgood-dz.com/products/versace-eros-le-parfum-100ml-200ml
Eros 200ML Le Parfum,Smell Good Dz,Versace Eros le Parfum 100ml / 200ml (200ml),"28,000 DZD",28000,In Stock,https://smellgood-dz.com/products/versace-eros-le-parfum-100ml-200ml
Eros 200ML Le Parfum,Smell Good Dz,Versace Eros Edt 50ml / 100ml / 200ml (50ml),"14,000 DZD",14000,In Stock,https://smellgood-dz.com/products/versace-eros-edt-100ml-200ml
Eros 200ML Le Parfum,Smell Good Dz,Versace Eros Edt 50ml / 100ml / 200ml (100ml),"18,000 DZD",18000,In Stock,https://smellgood-dz.com/products/versace-eros-edt-100ml-200ml
Eros 200ML Le Parfum,Smell Good Dz,Versace Eros Edt 50ml / 100ml / 200ml (200ml),"22,500 DZD",22500,In Stock,https://smellgood-dz.com/products/versace-eros-edt-100ml-200ml
Eros 200ML Le Parfum,Smell Good Dz,Versace Eros Edp 100ml / 200ml (100ml),"20,000 DZD",20000,In Stock,https://smellgood-dz.com/products/versace-eros-homme-edp-100ml-200ml
Eros 200ML Le Parfum,Smell Good Dz,Versace Eros Edp 100ml / 200ml (200ml),"25,000 DZD",25000,In Stock,https://smellgood-dz.com/products/versace-eros-homme-edp-100ml-200ml
Eros 200ML Le Parfum,Smell Good Dz,Versace Eros Edt 100ml,"19,500 DZD",19500,Out of Stock,https://smellgood-dz.com/products/versace-eros-edt-100ml
Eros 200ML Le Parfum,Smell Good Dz,Versace Eros Edp 100ml,"21,000 DZD",21000,In Stock,https://smellgood-dz.com/products/versace-eros-edp-100ml
Eros 200ML Le Parfum,Odorem Dz,Versace eros Najim 200ml,"26,000 DZD",26000,In Stock,https://odorem-dz.com/produit/versace-eros-najim-200ml/
Eros 200ML Le Parfum,Odorem Dz,Versace eros Najim 200ml,"26,000 DZD",26000,In Stock,https://odorem-dz.com/produit/versace-eros-najim-200ml/
Eros 200ML Le Parfum,Odorem Dz,Versace eros energy 100ml EDP,"21,500 DZD",21500,In Stock,https://odorem-dz.com/produit/versace-eros-energy-100ml-edp/
Eros 200ML Le Parfum,Odorem Dz,Versace eros energy 100ml EDP,"21,500 DZD",21500,In Stock,https://odorem-dz.com/produit/versace-eros-energy-100ml-edp/
Eros 200ML Le Parfum,Odorem Dz,Versace eros najim parfum 100ml,"23,500 DZD",23500,In Stock,https://odorem-dz.com/produit/versace-eros-najim-parfum-100ml/
Eros 200ML Le Parfum,Odorem Dz,Versace eros najim parfum 100ml,"23,500 DZD",23500,In Stock,https://odorem-dz.com/produit/versace-eros-najim-parfum-100ml/
Eros 200ML Le Parfum,Odorem Dz,Versace Eros Parfum 100 ML,"21,500 DZD",21500,In Stock,https://odorem-dz.com/produit/versace-eros-parfum-100-ml/
Eros 200ML Le Parfum,Odorem Dz,Versace Eros Parfum 100 ML,"21,500 DZD",21500,In Stock,https://odorem-dz.com/produit/versace-eros-parfum-100-ml/
Eros 200ML Le Parfum,Odorem Dz,Versace Eros Parfum 200ml,"26,500 DZD",26500,In Stock,https://odorem-dz.com/produit/versace-eros-parfum-200ml/
Eros 200ML Le Parfum,Odorem Dz,Versace Eros Parfum 200ml,"26,500 DZD",26500,In Stock,https://odorem-dz.com/produit/versace-eros-parfum-200ml/
Eros 200ML Le Parfum,Odorem Dz,Versace eros 200ml edp,"23,800 DZD",23800,In Stock,https://odorem-dz.com/produit/versace-eros-200ml-edp/
Eros 200ML Le Parfum,Odorem Dz,Versace eros 200ml edp,"23,800 DZD",23800,In Stock,https://odorem-dz.com/produit/versace-eros-200ml-edp/
Eros 200ML Le Parfum,Odorem Dz,Versace Eros flame 100ml EDP,"18,800 DZD",18800,In Stock,https://odorem-dz.com/produit/eros-flame-eau-de-parfum-100ml/
Eros 200ML Le Parfum,Odorem Dz,Versace Eros flame 100ml EDP,"18,800 DZD",18800,In Stock,https://odorem-dz.com/produit/eros-flame-eau-de-parfum-100ml/
Eros 200ML Le Parfum,Odorem Dz,Versace eros 100ml Edp,"19,500 DZD",19500,In Stock,https://odorem-dz.com/produit/versace-eros-eau-de-parfum-100ml/
Eros 200ML Le Parfum,Odorem Dz,Versace eros 100ml Edp,"19,500 DZD",19500,In Stock,https://odorem-dz.com/produit/versace-eros-eau-de-parfum-100ml/
Eros 200ML Le Parfum,Odorem Dz,Eros Versace femme 100ml Eau De parfum,"19,500 DZD",19500,In Stock,https://odorem-dz.com/produit/eros-versace-femme-100ml-eau-de-parfum/
Eros 200ML Le Parfum,Odorem Dz,Eros Versace femme 100ml Eau De parfum,"19,500 DZD",19500,In Stock,https://odorem-dz.com/produit/eros-versace-femme-100ml-eau-de-parfum/
Eros 200ML Le Parfum,Gallery Parfums Dz,VERSACE EROS,"18,600 DZD",18600,In Stock,https://galleryparfums-dz.com/produit/versace-eros-2/
Eros 200ML Le Parfum,Gallery Parfums Dz,EROS PARFUM,"22,900 DZD",22900,In Stock,https://galleryparfums-dz.com/produit/eros-parfum/
Eros 200ML Le Parfum,Gallery Parfums Dz,EROS Eau de Parfum,"20,600 DZD",20600,In Stock,https://galleryparfums-dz.com/produit/eros-eau-de-parfum/
Eros 200ML Le Parfum,Gallery Parfums Dz,EROS,"126,000,023,900,001,260,000,239 DZD",126000023900001260000239,In Stock,https://galleryparfums-dz.com/produit/eros/
Eros 200ML Le Parfum,Gallery Parfums Dz,EROS FLAME,"184,000,024,600,001,840,000,246 DZD",184000024600001840000246,In Stock,https://galleryparfums-dz.com/produit/eros-flame/
GIVENCHY BLUE LABEL EDT 100ML,Smell Good Dz,Givenchy Blue Label Edt 100ml (2024),"15,500 DZD",15500,In Stock,https://smellgood-dz.com/products/givenchy-blue-label-edt-100ml-2024
GIVENCHY BLUE LABEL EDT 100ML,Smell Good Dz,Givenchy Blue Label Edt 100ml,"17,000 DZD",17000,In Stock,https://smellgood-dz.com/products/givenchy-blue-label-edt-100ml
GUERLAIN EPICES EXQUISES EDP 125ML,Smell Good Dz,Guerlain Epices Exquises Edp 125ml,"28,000 DZD",28000,In Stock,https://smellgood-dz.com/products/guerlain-epices-exquises-edp-125ml
Gentleman Eau de Parfum Givenchy 100ML,Smell Good Dz,Givenchy Gentleman Society,"7,500 DZD",7500,In Stock,https://smellgood-dz.com/products/emporio-armani-stronger-with-you-powerfully-edp-100ml
Gentleman Eau de Parfum Givenchy 100ML,Smell Good Dz,Givenchy Gentleman Society Ambrée Edp 60ml / 100ml (60ml),"22,500 DZD",22500,In Stock,https://smellgood-dz.com/products/givenchy-gentleman-society-ambree-edp-60ml-100ml
Gentleman Eau de Parfum Givenchy 100ML,Smell Good Dz,Givenchy Gentleman Society Ambrée Edp 60ml / 100ml (100ml),"26,500 DZD",26500,In Stock,https://smellgood-dz.com/products/givenchy-gentleman-society-ambree-edp-60ml-100ml
Gentleman Eau de Parfum Givenchy 100ML,Smell Good Dz,Givenchy Gentleman Réserve Privée,"27,500 DZD",27500,In Stock,https://smellgood-dz.com/products/givenchy-gentleman-reserve-privee
Gentleman Eau de Parfum Givenchy 100ML,Smell Good Dz,Givenchy Gentleman Edt Originale 100ml,"18,000 DZD",18000,In Stock,https://smellgood-dz.com/products/givenchy-gentleman-edt-originale-100ml
Gentleman Eau de Parfum Givenchy 100ML,Smell Good Dz,Givenchy Gentleman Society (10ml),"2,500 DZD",2500,In Stock,https://smellgood-dz.com/products/givenchy-gentleman-society-2
Gentleman Eau de Parfum Givenchy 100ML,Smell Good Dz,Givenchy Gentleman Society (20ml),"5,000 DZD",5000,In Stock,https://smellgood-dz.com/products/givenchy-gentleman-society-2
Gentleman Eau de Parfum Givenchy 100ML,Smell Good Dz,Givenchy Gentleman Society (30ml),"7,500 DZD",7500,In Stock,https://smellgood-dz.com/products/givenchy-gentleman-society-2
Gentleman Eau de Parfum Givenchy 100ML,Smell Good Dz,Givenchy Gentleman (10ml),"2,300 DZD",2300,In Stock,https://smellgood-dz.com/products/givenchy-gentleman-2
Gentleman Eau de Parfum Givenchy 100ML,Smell Good Dz,Givenchy Gentleman (20ml),"4,600 DZD",4600,In Stock,https://smellgood-dz.com/products/givenchy-gentleman-2
Gentleman Eau de Parfum Givenchy 100ML,Smell Good Dz,Givenchy Gentleman (30ml),"6,900 DZD",6900,In Stock,https://smellgood-dz.com/products/givenchy-gentleman-2
Gentleman Eau de Parfum Givenchy 100ML,Smell Good Dz,Givenchy Gentleman,"6,000 DZD",6000,In Stock,https://smellgood-dz.com/products/givenchy-gentleman-stick-75ml
Gentleman Eau de Parfum Givenchy 100ML,Smell Good Dz,Givenchy Gentleman Society Extreme 100ml,"24,000 DZD",24000,In Stock,https://smellgood-dz.com/products/givenchy-gentleman-society-extreme-edp-100ml
Gentleman Eau de Parfum Givenchy 100ML,Smell Good Dz,Givenchy Gentleman Society Edp 60ml / 100ml / 200ml (60ml),"18,000 DZD",18000,In Stock,https://smellgood-dz.com/products/givenchy-gentleman-society-edp-60ml-100ml-200ml
Gentleman Eau de Parfum Givenchy 100ML,Smell Good Dz,Givenchy Gentleman Society Edp 60ml / 100ml / 200ml (100ml),"22,000 DZD",22000,In Stock,https://smellgood-dz.com/products/givenchy-gentleman-society-edp-60ml-100ml-200ml
Gentleman Eau de Parfum Givenchy 100ML,Smell Good Dz,Givenchy Gentleman Society Edp 60ml / 100ml / 200ml (200ml),"29,000 DZD",29000,In Stock,https://smellgood-dz.com/products/givenchy-gentleman-society-edp-60ml-100ml-200ml
Gentleman Eau de Parfum Givenchy 100ML,Smell Good Dz,Givenchy Gentleman Society,"20,500 DZD",20500,In Stock,https://smellgood-dz.com/products/givenchy-gentleman-society-1
Gentleman Eau de Parfum Givenchy 100ML,Smell Good Dz,Givenchy Gentleman Society,"26,500 DZD",26500,In Stock,https://smellgood-dz.com/products/givenchy-gentleman-society
Gentleman Eau de Parfum Givenchy 100ML,Smell Good Dz,Givenchy Gentleman Réserve Privée Edp 60ml / 100ml (60ml),"19,000 DZD",19000,In Stock,https://smellgood-dz.com/products/givenchy-gentleman-reserve-privee-edp-100ml
Gentleman Eau de Parfum Givenchy 100ML,Smell Good Dz,Givenchy Gentleman Réserve Privée Edp 60ml / 100ml (100ml),"23,000 DZD",23000,In Stock,https://smellgood-dz.com/products/givenchy-gentleman-reserve-privee-edp-100ml
Gentleman Eau de Parfum Givenchy 100ML,Smell Good Dz,Givenchy Gentleman Edt 100ml,"18,500 DZD",18500,In Stock,https://smellgood-dz.com/products/givenchy-gentleman-edt-100ml
Gentleman Eau de Parfum Givenchy 100ML,Smell Good Dz,Givenchy Gentleman,"21,000 DZD",21000,In Stock,https://smellgood-dz.com/products/givenchy-gentleman-1
Gentleman Eau de Parfum Givenchy 100ML,Smell Good Dz,Givenchy Gentleman Edp 50ml / 100ml (50ml),"17,000 DZD",17000,In Stock,https://smellgood-dz.com/products/givenchy-gentleman-edp-100ml
Gentleman Eau de Parfum Givenchy 100ML,Smell Good Dz,Givenchy Gentleman Edp 50ml / 100ml (100ml),"21,500 DZD",21500,In Stock,https://smellgood-dz.com/products/givenchy-gentleman-edp-100ml
Gentleman Eau de Parfum Givenchy 100ML,Smell Good Dz,Givenchy Gentleman,"26,000 DZD",26000,In Stock,https://smellgood-dz.com/products/givenchy-gentleman
Gentleman Eau de Parfum Givenchy 100ML,Smell Good Dz,Givenchy Gentleman Boisée Edp 100ml / 200ml (100ml),"22,000 DZD",22000,In Stock,https://smellgood-dz.com/products/givenchy-gentleman-boisee-edp-100ml
Gentleman Eau de Parfum Givenchy 100ML,Smell Good Dz,Givenchy Gentleman Boisée Edp 100ml / 200ml (200ml),"29,000 DZD",29000,In Stock,https://smellgood-dz.com/products/givenchy-gentleman-boisee-edp-100ml
Gentleman Eau de Parfum Givenchy 100ML,Smell Good Dz,Givenchy Gentleman Boisée,"24,500 DZD",24500,In Stock,https://smellgood-dz.com/products/givenchy-gentleman-boisee-1
Gentleman Eau de Parfum Givenchy 100ML,Smell Good Dz,Givenchy Gentleman Boisée,"25,000 DZD",25000,In Stock,https://smellgood-dz.com/products/givenchy-gentleman-boisee
Gentleman Eau de Parfum Givenchy 100ML,Odorem Dz,Coffret Gentleman Givenchy boisée 3pcs,"25,500 DZD",25500,In Stock,https://odorem-dz.com/produit/coffret-gentleman-givenchy-boisee-3pcs/
Gentleman Eau de Parfum Givenchy 100ML,Odorem Dz,Coffret Gentleman Givenchy boisée 3pcs,"25,500 DZD",25500,In Stock,https://odorem-dz.com/produit/coffret-gentleman-givenchy-boisee-3pcs/
Gentleman Eau de Parfum Givenchy 100ML,Odorem Dz,Givenchy Gentleman Society Sport 100ml EDP,"26,000 DZD",26000,In Stock,https://odorem-dz.com/produit/givenchy-gentleman-society-sport-100ml-edp/
Gentleman Eau de Parfum Givenchy 100ML,Odorem Dz,Givenchy Gentleman Society Sport 100ml EDP,"26,000 DZD",26000,In Stock,https://odorem-dz.com/produit/givenchy-gentleman-society-sport-100ml-edp/
Gentleman Eau de Parfum Givenchy 100ML,Odorem Dz,Givenchy Gentleman Boisée 200ml EDP,"27,000 DZD",27000,In Stock,https://odorem-dz.com/produit/givenchy-gentleman-boisee-200ml-edp/
Gentleman Eau de Parfum Givenchy 100ML,Odorem Dz,Givenchy Gentleman Boisée 200ml EDP,"27,000 DZD",27000,In Stock,https://odorem-dz.com/produit/givenchy-gentleman-boisee-200ml-edp/
Gentleman Eau de Parfum Givenchy 100ML,Odorem Dz,Givenchy Gentleman Society 100 edp,"21,500 DZD",21500,In Stock,https://odorem-dz.com/produit/givenchy-gentleman-society-100-edp/
Gentleman Eau de Parfum Givenchy 100ML,Odorem Dz,Givenchy Gentleman Society 100 edp,"21,500 DZD",21500,In Stock,https://odorem-dz.com/produit/givenchy-gentleman-society-100-edp/
Gentleman Eau de Parfum Givenchy 100ML,Odorem Dz,Givenchy Gentleman 100ml EDP boisée,"20,800 DZD",20800,In Stock,https://odorem-dz.com/produit/gentleman-eau-de-parfum-boisee-100ml/
Gentleman Eau de Parfum Givenchy 100ML,Odorem Dz,Givenchy Gentleman 100ml EDP boisée,"20,800 DZD",20800,In Stock,https://odorem-dz.com/produit/gentleman-eau-de-parfum-boisee-100ml/
Gentleman Eau de Parfum Givenchy 100ML,Odorem Dz,Givenchy Gentleman edt intense 100ml,"19,000 DZD",19000,In Stock,https://odorem-dz.com/produit/gentleman-intense-eau-de-toilette-100ml/
Gentleman Eau de Parfum Givenchy 100ML,Odorem Dz,Givenchy Gentleman edt intense 100ml,"19,000 DZD",19000,In Stock,https://odorem-dz.com/produit/gentleman-intense-eau-de-toilette-100ml/
Gentlemen EDT Givenchy 100ml,Smell Good Dz,Givenchy Gentlemen Only Edt 100ml (2026),"18,000 DZD",18000,In Stock,https://smellgood-dz.com/products/givenchy-gentlemen-only-edt-100ml-new
Gentlemen EDT Givenchy 100ml,Smell Good Dz,Givenchy Gentlemen Only Edt 100ml,"19,500 DZD",19500,In Stock,https://smellgood-dz.com/products/givenchy-gentlemen-only-edt-100ml-1
Gentlemen EDT Givenchy 100ml,Smell Good Dz,Givenchy Gentlemen Only (10ml),"2,200 DZD",2200,In Stock,https://smellgood-dz.com/products/givenchy-gentlemen-only
Gentlemen EDT Givenchy 100ml,Smell Good Dz,Givenchy Gentlemen Only (20ml),"4,400 DZD",4400,In Stock,https://smellgood-dz.com/products/givenchy-gentlemen-only
Gentlemen EDT Givenchy 100ml,Smell Good Dz,Givenchy Gentlemen Only (30ml),"6,600 DZD",6600,In Stock,https://smellgood-dz.com/products/givenchy-gentlemen-only
Gentlemen EDT Givenchy 100ml,Odorem Dz,Miniature Gentlemen Only Givenchy 3ml,"2,600 DZD",2600,In Stock,https://odorem-dz.com/produit/miniature-gentlemen-only-givenchy-3ml/
Gentlemen EDT Givenchy 100ml,Odorem Dz,Miniature Gentlemen Only Givenchy 3ml,"2,600 DZD",2600,In Stock,https://odorem-dz.com/produit/miniature-gentlemen-only-givenchy-3ml/
Gentlemen EDT Givenchy 100ml,Odorem Dz,Gentlemen Only Givenchy 100ml edt,"17,500 DZD",17500,In Stock,https://odorem-dz.com/produit/gentlemen-only-givenchy-100ml-edt/
Gentlemen EDT Givenchy 100ml,Odorem Dz,Gentlemen Only Givenchy 100ml edt,"17,500 DZD",17500,In Stock,https://odorem-dz.com/produit/gentlemen-only-givenchy-100ml-edt/
Gentlemen EDT Givenchy 100ml,Odorem Dz,Givenchy Gentlemen 100ml edt,"15,000 DZD",15000,In Stock,https://odorem-dz.com/produit/gentlemen-givenchy-100ml-edt/
Gentlemen EDT Givenchy 100ml,Odorem Dz,Givenchy Gentlemen 100ml edt,"15,000 DZD",15000,In Stock,https://odorem-dz.com/produit/gentlemen-givenchy-100ml-edt/
HABIT ROUGE EDP 100ML,Smell Good Dz,Guerlain Habit Rouge Edp 50ml / 100ml (50ml),"19,500 DZD",19500,In Stock,https://smellgood-dz.com/products/guerlain-habit-rouge-edp-50ml-100ml
HABIT ROUGE EDP 100ML,Smell Good Dz,Guerlain Habit Rouge Edp 50ml / 100ml (100ml),"24,500 DZD",24500,In Stock,https://smellgood-dz.com/products/guerlain-habit-rouge-edp-50ml-100ml
HABIT ROUGE EDP 100ML,Odorem Dz,Habit Rouge L’Instinct 100ml edt intense,"19,500 DZD",19500,In Stock,https://odorem-dz.com/produit/habit-rouge-linstinct-100ml-edt-intense/
HABIT ROUGE EDP 100ML,Odorem Dz,Habit Rouge L’Instinct 100ml edt intense,"19,500 DZD",19500,In Stock,https://odorem-dz.com/produit/habit-rouge-linstinct-100ml-edt-intense/
HABIT ROUGE EDP 100ML,Odorem Dz,Coffret Habit Rouge 3pcs eau de Toilette,"22,900 DZD",22900,In Stock,https://odorem-dz.com/produit/coffret-habit-rouge-3pcs-eau-de-toilette/
HABIT ROUGE EDP 100ML,Odorem Dz,Coffret Habit Rouge 3pcs eau de Toilette,"22,900 DZD",22900,In Stock,https://odorem-dz.com/produit/coffret-habit-rouge-3pcs-eau-de-toilette/
HABIT ROUGE EDP 100ML,Odorem Dz,Habit Rouge 100ml EDP,"19,900 DZD",19900,In Stock,https://odorem-dz.com/produit/habit-rouge-100ml-edp/
HABIT ROUGE EDP 100ML,Odorem Dz,Habit Rouge 100ml EDP,"19,900 DZD",19900,In Stock,https://odorem-dz.com/produit/habit-rouge-100ml-edp/
HABIT ROUGE EDP 100ML,Odorem Dz,Habit Rouge Parfum 100ml,"31,000 DZD",31000,In Stock,https://odorem-dz.com/produit/habit-rouge-parfum-100ml/
HABIT ROUGE EDP 100ML,Odorem Dz,Habit Rouge Parfum 100ml,"31,000 DZD",31000,In Stock,https://odorem-dz.com/produit/habit-rouge-parfum-100ml/
HABIT ROUGE EDP 100ML,Gallery Parfums Dz,HABIT ROUGE,"23,400 DZD",23400,In Stock,https://galleryparfums-dz.com/produit/habit-rouge/
Gucci Oud intense 90ML,Smell Good Dz,Gucci Oud Intense Edp 90ml,"26,500 DZD",26500,In Stock,https://smellgood-dz.com/products/gucci-oud-intense-edp-90ml
Guerlain Santal Royal 125ml edp,Smell Good Dz,Guerlain Santal Royal Edp 125ml,"28,000 DZD",28000,In Stock,https://smellgood-dz.com/products/guerlain-santal-royal-edp-125ml
Guerlain Santal Royal 125ml edp,Odorem Dz,Guerlain Santal Royal 125ml edp,"30,000 DZD",30000,In Stock,https://odorem-dz.com/produit/guerlain-santal-royal-125ml-edp/
Guerlain Santal Royal 125ml edp,Odorem Dz,Guerlain Santal Royal 125ml edp,"30,000 DZD",30000,In Stock,https://odorem-dz.com/produit/guerlain-santal-royal-125ml-edp/
HERMÈS H24 EDT,Smell Good Dz,Hermès H24 Edt 50ml / 100ml (50ml),"14,500 DZD",14500,In Stock,https://smellgood-dz.com/products/hermes-h24-edt-50ml-100ml
HERMÈS H24 EDT,Smell Good Dz,Hermès H24 Edt 50ml / 100ml (100ml),"19,000 DZD",19000,In Stock,https://smellgood-dz.com/products/hermes-h24-edt-50ml-100ml
HERMÈS H24 EDT,Smell Good Dz,Hermès H24 Edp 100ml,"21,000 DZD",21000,In Stock,https://smellgood-dz.com/products/hermes-h24-edp-100ml
HERMÈS H24 EDT,Odorem Dz,Miniature Hermès H24 Eau de Parfum 5ml,"3,500 DZD",3500,In Stock,https://odorem-dz.com/produit/miniature-hermes-h24-eau-de-parfum-5ml/
HERMÈS H24 EDT,Odorem Dz,Miniature Hermès H24 Eau de Parfum 5ml,"3,500 DZD",3500,In Stock,https://odorem-dz.com/produit/miniature-hermes-h24-eau-de-parfum-5ml/
HUGO BOSS BOSS BOTTLED NIGHT EDT 100ML,Smell Good Dz,Hugo Boss Bottled Night Edt 100ml / 200ml (100ml),"15,000 DZD",15000,In Stock,https://smellgood-dz.com/products/hugo-boss-bottled-night-edt-100ml-200ml
HUGO BOSS BOSS BOTTLED NIGHT EDT 100ML,Smell Good Dz,Hugo Boss Bottled Night Edt 100ml / 200ml (200ml),"20,000 DZD",20000,In Stock,https://smellgood-dz.com/products/hugo-boss-bottled-night-edt-100ml-200ml
HUGO BOSS BOSS BOTTLED NIGHT EDT 100ML,Odorem Dz,Hugo XY Hugo Boss 100ml,"10,800 DZD",10800,In Stock,https://odorem-dz.com/produit/hugo-xy-hugo-boss-100ml/
HUGO BOSS BOSS BOTTLED NIGHT EDT 100ML,Odorem Dz,Hugo XY Hugo Boss 100ml,"10,800 DZD",10800,In Stock,https://odorem-dz.com/produit/hugo-xy-hugo-boss-100ml/
HUGO BOSS BOSS BOTTLED NIGHT EDT 100ML,Odorem Dz,pack promo Hugo boss Man,"18,500 DZD",18500,In Stock,https://odorem-dz.com/produit/pack-promo-hugo-boss/
HUGO BOSS BOSS BOTTLED NIGHT EDT 100ML,Odorem Dz,pack promo Hugo boss Man,"18,500 DZD",18500,In Stock,https://odorem-dz.com/produit/pack-promo-hugo-boss/
HUGO BOSS BOSS BOTTLED NIGHT EDT 100ML,Odorem Dz,Coffret Hugo Boss Bottled parfum 100ml+Gel Douche + stick 75ml,"21,800 DZD",21800,In Stock,https://odorem-dz.com/produit/coffret-hugo-boss-bottled-parfum-100mlgel-douche-stick-75ml/
HUGO BOSS BOSS BOTTLED NIGHT EDT 100ML,Odorem Dz,Coffret Hugo Boss Bottled parfum 100ml+Gel Douche + stick 75ml,"21,800 DZD",21800,In Stock,https://odorem-dz.com/produit/coffret-hugo-boss-bottled-parfum-100mlgel-douche-stick-75ml/
HUGO BOSS BOSS BOTTLED NIGHT EDT 100ML,Odorem Dz,Hugo boss In Motion 100ml edt,"12,500 DZD",12500,In Stock,https://odorem-dz.com/produit/hugo-boss-in-motion-100ml-edt/
HUGO BOSS BOSS BOTTLED NIGHT EDT 100ML,Odorem Dz,Hugo boss In Motion 100ml edt,"12,500 DZD",12500,In Stock,https://odorem-dz.com/produit/hugo-boss-in-motion-100ml-edt/
HUGO BOSS BOSS BOTTLED NIGHT EDT 100ML,Odorem Dz,Hugo boss Dark Blue 75ml,"10,600 DZD",10600,In Stock,https://odorem-dz.com/produit/hugo-boss-dark-blue-75ml/
HUGO BOSS BOSS BOTTLED NIGHT EDT 100ML,Odorem Dz,Hugo boss Dark Blue 75ml,"10,600 DZD",10600,In Stock,https://odorem-dz.com/produit/hugo-boss-dark-blue-75ml/
HUGO BOSS BOSS BOTTLED NIGHT EDT 100ML,Odorem Dz,Hugo Boss The scent 75ml,"4,800 DZD",4800,In Stock,https://odorem-dz.com/produit/hugo-boss-the-scent-75ml/
HUGO BOSS BOSS BOTTLED NIGHT EDT 100ML,Odorem Dz,Hugo Boss The scent 75ml,"4,800 DZD",4800,In Stock,https://odorem-dz.com/produit/hugo-boss-the-scent-75ml/
HUGO BOSS BOSS BOTTLED NIGHT EDT 100ML,Odorem Dz,Hugo Boss Deep Red 90ml EDP,"12,500 DZD",12500,In Stock,https://odorem-dz.com/produit/hugo-boss-deep-red-90ml-edp/
HUGO BOSS BOSS BOTTLED NIGHT EDT 100ML,Odorem Dz,Hugo Boss Deep Red 90ml EDP,"12,500 DZD",12500,In Stock,https://odorem-dz.com/produit/hugo-boss-deep-red-90ml-edp/
HUGO BOSS BOSS BOTTLED NIGHT EDT 100ML,Odorem Dz,Hugo XX Hugo Boss 60ml edt,"12,900 DZD",12900,In Stock,https://odorem-dz.com/produit/hugo-xx-hugo-boss-60ml-edt/
HUGO BOSS BOSS BOTTLED NIGHT EDT 100ML,Odorem Dz,Hugo XX Hugo Boss 60ml edt,"12,900 DZD",12900,In Stock,https://odorem-dz.com/produit/hugo-xx-hugo-boss-60ml-edt/
HUGO BOSS BOSS BOTTLED NIGHT EDT 100ML,Odorem Dz,Stick Hugo boss 75ml,"5,200 DZD",5200,In Stock,https://odorem-dz.com/produit/stick-hugo-boss-75ml/
HUGO BOSS BOSS BOTTLED NIGHT EDT 100ML,Odorem Dz,Stick Hugo boss 75ml,"5,200 DZD",5200,In Stock,https://odorem-dz.com/produit/stick-hugo-boss-75ml/
HUGO BOSS BOSS BOTTLED NIGHT EDT 100ML,Odorem Dz,Deo Hugo Boss Bottled 150ml,"4,700 DZD",4700,In Stock,https://odorem-dz.com/produit/produit/
HUGO BOSS BOSS BOTTLED NIGHT EDT 100ML,Odorem Dz,Deo Hugo Boss Bottled 150ml,"4,700 DZD",4700,In Stock,https://odorem-dz.com/produit/produit/
HUGO BOSS BOSS BOTTLED NIGHT EDT 100ML,Odorem Dz,Hugo Boss Bottled 100 EDP,"18,000 DZD",18000,In Stock,https://odorem-dz.com/produit/boss-bottled-eau-de-parfum-100ml/
HUGO BOSS BOSS BOTTLED NIGHT EDT 100ML,Odorem Dz,Hugo Boss Bottled 100 EDP,"18,000 DZD",18000,In Stock,https://odorem-dz.com/produit/boss-bottled-eau-de-parfum-100ml/
HUGO BOSS BOSS BOTTLED NIGHT EDT 100ML,Odorem Dz,Hugo boss woman 75ml edt,"12,500 DZD",12500,In Stock,https://odorem-dz.com/produit/hugo-boss-woman-75ml-edt/
HUGO BOSS BOSS BOTTLED NIGHT EDT 100ML,Odorem Dz,Hugo boss woman 75ml edt,"12,500 DZD",12500,In Stock,https://odorem-dz.com/produit/hugo-boss-woman-75ml-edt/
HUGO BOSS BOSS BOTTLED NIGHT EDT 100ML,Odorem Dz,Hugo Boss Man Eau De Toilette 200ml,"15,500 DZD",15500,In Stock,https://odorem-dz.com/produit/hugo-man-eau-de-toilette-200ml/
HUGO BOSS BOSS BOTTLED NIGHT EDT 100ML,Odorem Dz,Hugo Boss Man Eau De Toilette 200ml,"15,500 DZD",15500,In Stock,https://odorem-dz.com/produit/hugo-man-eau-de-toilette-200ml/
HUGO BOSS BOSS BOTTLED NIGHT EDT 100ML,Gallery Parfums Dz,HUGO BOSS – MAN EXTREME,"14,600 DZD",14600,In Stock,https://galleryparfums-dz.com/produit/hugo-boss-man-extreme/
HUGO BOSS JUST DIFFRENT EDT 75ML,Gallery Parfums Dz,HUGO BOSS – MAN EXTREME,"14,600 DZD",14600,In Stock,https://galleryparfums-dz.com/produit/hugo-boss-man-extreme/
HUGO BOSS XY EDT 100ML,Smell Good Dz,Hugo Boss Xy Edt 100ml,"15,000 DZD",15000,In Stock,https://smellgood-dz.com/products/hugo-boss-xy-edt-100ml
HUGO BOSS XY EDT 100ML,Odorem Dz,Hugo XY Hugo Boss 100ml,"10,800 DZD",10800,In Stock,https://odorem-dz.com/produit/hugo-xy-hugo-boss-100ml/
HUGO BOSS XY EDT 100ML,Odorem Dz,Hugo XY Hugo Boss 100ml,"10,800 DZD",10800,In Stock,https://odorem-dz.com/produit/hugo-xy-hugo-boss-100ml/
HUGO BOSS XY EDT 100ML,Gallery Parfums Dz,HUGO BOSS – MAN EXTREME,"14,600 DZD",14600,In Stock,https://galleryparfums-dz.com/produit/hugo-boss-man-extreme/
HUGO BOSS SUPERMAN EDP 125ML,Gallery Parfums Dz,HUGO BOSS – MAN EXTREME,"14,600 DZD",14600,In Stock,https://galleryparfums-dz.com/produit/hugo-boss-man-extreme/
Hugo Boss extrem 75ML,Gallery Parfums Dz,HUGO BOSS – MAN EXTREME,"14,600 DZD",14600,In Stock,https://galleryparfums-dz.com/produit/hugo-boss-man-extreme/
JEAN PAUL GAULTIER LE MALE EDT 125ML,Smell Good Dz,Jean Paul Gaultier le Male Edt 75ml / 125ml (75ml),"17,000 DZD",17000,In Stock,https://smellgood-dz.com/products/jean-paul-gaultier-le-male-edt-75ml-125ml
JEAN PAUL GAULTIER LE MALE EDT 125ML,Smell Good Dz,Jean Paul Gaultier le Male Edt 75ml / 125ml (125ml),"21,500 DZD",21500,In Stock,https://smellgood-dz.com/products/jean-paul-gaultier-le-male-edt-75ml-125ml
JEAN PAUL GAULTIER LE MALE EDT 125ML,Smell Good Dz,Jean Paul Gaultier le Male le Parfum (10ml),"2,500 DZD",2500,In Stock,https://smellgood-dz.com/products/jean-paul-gaultier-le-male-le-parfum
JEAN PAUL GAULTIER LE MALE EDT 125ML,Smell Good Dz,Jean Paul Gaultier le Male le Parfum (20ml),"5,000 DZD",5000,In Stock,https://smellgood-dz.com/products/jean-paul-gaultier-le-male-le-parfum
JEAN PAUL GAULTIER LE MALE EDT 125ML,Smell Good Dz,Jean Paul Gaultier le Male le Parfum (30ml),"7,500 DZD",7500,In Stock,https://smellgood-dz.com/products/jean-paul-gaultier-le-male-le-parfum
JEAN PAUL GAULTIER LE MALE EDT 125ML,Smell Good Dz,Jean Paul Gaultier le Male Elixir (10ml),"2,500 DZD",2500,In Stock,https://smellgood-dz.com/products/jean-paul-gaultier-le-male-elixir
JEAN PAUL GAULTIER LE MALE EDT 125ML,Smell Good Dz,Jean Paul Gaultier le Male Elixir (20ml),"5,000 DZD",5000,In Stock,https://smellgood-dz.com/products/jean-paul-gaultier-le-male-elixir
JEAN PAUL GAULTIER LE MALE EDT 125ML,Smell Good Dz,Jean Paul Gaultier le Male Elixir (30ml),"7,500 DZD",7500,In Stock,https://smellgood-dz.com/products/jean-paul-gaultier-le-male-elixir
JEAN PAUL GAULTIER LE MALE EDT 125ML,Smell Good Dz,Jean Paul Gaultier Ultra Male (10ml),"2,100 DZD",2100,In Stock,https://smellgood-dz.com/products/jean-paul-gaultier-ultra-male
JEAN PAUL GAULTIER LE MALE EDT 125ML,Smell Good Dz,Jean Paul Gaultier Ultra Male (20ml),"4,200 DZD",4200,In Stock,https://smellgood-dz.com/products/jean-paul-gaultier-ultra-male
JEAN PAUL GAULTIER LE MALE EDT 125ML,Smell Good Dz,Jean Paul Gaultier Ultra Male (30ml),"6,300 DZD",6300,In Stock,https://smellgood-dz.com/products/jean-paul-gaultier-ultra-male
JEAN PAUL GAULTIER LE MALE EDT 125ML,Smell Good Dz,Jean Paul Gaultier Ultra Male 75ml / 125ml / 200ml (75ml),"18,000 DZD",18000,In Stock,https://smellgood-dz.com/products/jean-paul-gaultier-ultra-male-75ml-125ml-200ml
JEAN PAUL GAULTIER LE MALE EDT 125ML,Smell Good Dz,Jean Paul Gaultier Ultra Male 75ml / 125ml / 200ml (125ml),"22,500 DZD",22500,In Stock,https://smellgood-dz.com/products/jean-paul-gaultier-ultra-male-75ml-125ml-200ml
JEAN PAUL GAULTIER LE MALE EDT 125ML,Smell Good Dz,Jean Paul Gaultier Ultra Male 75ml / 125ml / 200ml (200ml),"27,000 DZD",27000,In Stock,https://smellgood-dz.com/products/jean-paul-gaultier-ultra-male-75ml-125ml-200ml
JEAN PAUL GAULTIER LE MALE EDT 125ML,Smell Good Dz,Jean Paul Gaultier le Male,"5,000 DZD",5000,Out of Stock,https://smellgood-dz.com/products/jean-paul-gaultier-le-male
JEAN PAUL GAULTIER LE MALE EDT 125ML,Smell Good Dz,Jean Paul Gaultier le Male le Parfum 75ml / 125ml / 200ml (75ml),"23,000 DZD",23000,In Stock,https://smellgood-dz.com/products/jean-paul-gaultier-le-male-le-parfum-75ml-125ml-200ml
JEAN PAUL GAULTIER LE MALE EDT 125ML,Smell Good Dz,Jean Paul Gaultier le Male le Parfum 75ml / 125ml / 200ml (125ml),"27,000 DZD",27000,In Stock,https://smellgood-dz.com/products/jean-paul-gaultier-le-male-le-parfum-75ml-125ml-200ml
JEAN PAUL GAULTIER LE MALE EDT 125ML,Smell Good Dz,Jean Paul Gaultier le Male le Parfum 75ml / 125ml / 200ml (200ml),"32,500 DZD",32500,In Stock,https://smellgood-dz.com/products/jean-paul-gaultier-le-male-le-parfum-75ml-125ml-200ml
JEAN PAUL GAULTIER LE MALE EDT 125ML,Smell Good Dz,Jean Paul Gaultier le Male Elixir Edp 75ml / 125ml / 200ml (75ml),"23,500 DZD",23500,In Stock,https://smellgood-dz.com/products/jean-paul-gaultier-le-male-elixir-edp-75ml-125ml-200ml
JEAN PAUL GAULTIER LE MALE EDT 125ML,Smell Good Dz,Jean Paul Gaultier le Male Elixir Edp 75ml / 125ml / 200ml (125ml),"28,000 DZD",28000,In Stock,https://smellgood-dz.com/products/jean-paul-gaultier-le-male-elixir-edp-75ml-125ml-200ml
JEAN PAUL GAULTIER LE MALE EDT 125ML,Smell Good Dz,Jean Paul Gaultier le Male Elixir Edp 75ml / 125ml / 200ml (200ml),"37,500 DZD",37500,In Stock,https://smellgood-dz.com/products/jean-paul-gaultier-le-male-elixir-edp-75ml-125ml-200ml
JEAN PAUL GAULTIER LE MALE EDT 125ML,Smell Good Dz,Jean Paul Gaultier le Male Elixir Absolu 125ml / 200ml (125ml),"36,000 DZD",36000,In Stock,https://smellgood-dz.com/products/jean-paul-gaultier-le-male-elixir-absolu-125ml-200ml
JEAN PAUL GAULTIER LE MALE EDT 125ML,Smell Good Dz,Jean Paul Gaultier le Male Elixir Absolu 125ml / 200ml (200ml),"41,000 DZD",41000,In Stock,https://smellgood-dz.com/products/jean-paul-gaultier-le-male-elixir-absolu-125ml-200ml
JEAN PAUL GAULTIER LE MALE EDT 125ML,Odorem Dz,GEL Douche JEAN PAUL GAULTIER LE BEAU NARCISSE 75ML,"4,600 DZD",4600,In Stock,https://odorem-dz.com/produit/gel-douche-jean-paul-gaultier-le-beau-narcisse-75ml/
JEAN PAUL GAULTIER LE MALE EDT 125ML,Odorem Dz,GEL Douche JEAN PAUL GAULTIER LE BEAU NARCISSE 75ML,"4,600 DZD",4600,In Stock,https://odorem-dz.com/produit/gel-douche-jean-paul-gaultier-le-beau-narcisse-75ml/
JEAN PAUL GAULTIER LE MALE EDT 125ML,Odorem Dz,Jean Paul Gaultier Divine Elixir 100ml,"29,200 DZD",29200,In Stock,https://odorem-dz.com/produit/jean-paul-gaultier-divine-elixir-100ml/
JEAN PAUL GAULTIER LE MALE EDT 125ML,Odorem Dz,Jean Paul Gaultier Divine Elixir 100ml,"29,200 DZD",29200,In Stock,https://odorem-dz.com/produit/jean-paul-gaultier-divine-elixir-100ml/
JEAN PAUL GAULTIER LE MALE EDT 125ML,Odorem Dz,Coffret Divine Jean Paul Gaultier 2pcs,"27,500 DZD",27500,In Stock,https://odorem-dz.com/produit/coffret-divine-jean-paul-gaultier-2pcs/
JEAN PAUL GAULTIER LE MALE EDT 125ML,Odorem Dz,Coffret Divine Jean Paul Gaultier 2pcs,"27,500 DZD",27500,In Stock,https://odorem-dz.com/produit/coffret-divine-jean-paul-gaultier-2pcs/
JEAN PAUL GAULTIER LE MALE EDT 125ML,Odorem Dz,Jean Paul Gaultier Divine Couture 100ml,"30,000 DZD",30000,In Stock,https://odorem-dz.com/produit/jean-paul-gaultier-divine-couture-100ml/
JEAN PAUL GAULTIER LE MALE EDT 125ML,Odorem Dz,Jean Paul Gaultier Divine Couture 100ml,"30,000 DZD",30000,In Stock,https://odorem-dz.com/produit/jean-paul-gaultier-divine-couture-100ml/
JEAN PAUL GAULTIER LE MALE EDT 125ML,Odorem Dz,Le Male Le Parfum Jean Paul Gaultier 200ml,"33,000 DZD",33000,In Stock,https://odorem-dz.com/produit/le-male-le-parfum-jean-paul-gaultier-200ml/
JEAN PAUL GAULTIER LE MALE EDT 125ML,Odorem Dz,Le Male Le Parfum Jean Paul Gaultier 200ml,"33,000 DZD",33000,In Stock,https://odorem-dz.com/produit/le-male-le-parfum-jean-paul-gaultier-200ml/
JEAN PAUL GAULTIER LE MALE EDT 125ML,Odorem Dz,La Belle Jean Paul Gaultier 100ml EDP,"24,500 DZD",24500,In Stock,https://odorem-dz.com/produit/la-belle-jean-paul-gaultier-100ml-edp/
JEAN PAUL GAULTIER LE MALE EDT 125ML,Odorem Dz,La Belle Jean Paul Gaultier 100ml EDP,"24,500 DZD",24500,In Stock,https://odorem-dz.com/produit/la-belle-jean-paul-gaultier-100ml-edp/
JEAN PAUL GAULTIER LE MALE EDT 125ML,Odorem Dz,Coffret jean Paul Gaultier scandal edt 100ml+déodorant,"24,500 DZD",24500,In Stock,https://odorem-dz.com/produit/coffret-jean-paul-gaultier-scandal-edt-100mldeodorant/
JEAN PAUL GAULTIER LE MALE EDT 125ML,Odorem Dz,Coffret jean Paul Gaultier scandal edt 100ml+déodorant,"24,500 DZD",24500,In Stock,https://odorem-dz.com/produit/coffret-jean-paul-gaultier-scandal-edt-100mldeodorant/
JEAN PAUL GAULTIER LE MALE EDT 125ML,Odorem Dz,Jean Paul Gaultier Scandal Gold 80ml EDP,"21,500 DZD",21500,In Stock,https://odorem-dz.com/produit/jean-paul-gaultier-scandal-gold-80ml-edp/
JEAN PAUL GAULTIER LE MALE EDT 125ML,Odorem Dz,Jean Paul Gaultier Scandal Gold 80ml EDP,"21,500 DZD",21500,In Stock,https://odorem-dz.com/produit/jean-paul-gaultier-scandal-gold-80ml-edp/
JEAN PAUL GAULTIER LE MALE EDT 125ML,Odorem Dz,Jean Paul Gaultier Divine le parfum 100ml,"26,900 DZD",26900,In Stock,https://odorem-dz.com/produit/jean-paul-gaultier-divine-le-parfum-100ml/
JEAN PAUL GAULTIER LE MALE EDT 125ML,Odorem Dz,Jean Paul Gaultier Divine le parfum 100ml,"26,900 DZD",26900,In Stock,https://odorem-dz.com/produit/jean-paul-gaultier-divine-le-parfum-100ml/
JEAN PAUL GAULTIER LE MALE EDT 125ML,Odorem Dz,Gaultier Divine Jean Paul Gaultier 100ml EDP,"24,500 DZD",24500,In Stock,https://odorem-dz.com/produit/produit-2/
JEAN PAUL GAULTIER LE MALE EDT 125ML,Odorem Dz,Gaultier Divine Jean Paul Gaultier 100ml EDP,"24,500 DZD",24500,In Stock,https://odorem-dz.com/produit/produit-2/
JOOP HOMME EDT 125ML,Odorem Dz,Deodorant Joop homme 75ml,"5,000 DZD",5000,In Stock,https://odorem-dz.com/produit/deodorant-joop-homme-75ml/
JOOP HOMME EDT 125ML,Odorem Dz,Deodorant Joop homme 75ml,"5,000 DZD",5000,In Stock,https://odorem-dz.com/produit/deodorant-joop-homme-75ml/
JOOP HOMME EDT 125ML,Odorem Dz,Joop! Le Bain 150ml,"4,500 DZD",4500,In Stock,https://odorem-dz.com/produit/joop-le-bain-150ml/
JOOP HOMME EDT 125ML,Odorem Dz,Joop! Le Bain 150ml,"4,500 DZD",4500,In Stock,https://odorem-dz.com/produit/joop-le-bain-150ml/
JOOP HOMME EDT 125ML,Odorem Dz,Wow! Joop! 100ml EDT,"10,800 DZD",10800,In Stock,https://odorem-dz.com/produit/wow-joop-100ml-edt/
JOOP HOMME EDT 125ML,Odorem Dz,Wow! Joop! 100ml EDT,"10,800 DZD",10800,In Stock,https://odorem-dz.com/produit/wow-joop-100ml-edt/
JOOP HOMME EDT 125ML,Odorem Dz,Joop! Homme Extreme 125ml edt intense,"12,800 DZD",12800,In Stock,https://odorem-dz.com/produit/joop-homme-extreme-125ml-edt-intense/
JOOP HOMME EDT 125ML,Odorem Dz,Joop! Homme Extreme 125ml edt intense,"12,800 DZD",12800,In Stock,https://odorem-dz.com/produit/joop-homme-extreme-125ml-edt-intense/
JOOP HOMME EDT 125ML,Odorem Dz,JOOP GO 200ml edt,"10,800 DZD",10800,In Stock,https://odorem-dz.com/produit/joop-go-200ml-edt/
JOOP HOMME EDT 125ML,Odorem Dz,JOOP GO 200ml edt,"10,800 DZD",10800,In Stock,https://odorem-dz.com/produit/joop-go-200ml-edt/
JOOP HOMME EDT 125ML,Odorem Dz,JOOP Homme 200ml edt,"12,800 DZD",12800,In Stock,https://odorem-dz.com/produit/joop-homme-200ml-edt/
JOOP HOMME EDT 125ML,Odorem Dz,JOOP Homme 200ml edt,"12,800 DZD",12800,In Stock,https://odorem-dz.com/produit/joop-homme-200ml-edt/
John Varvatos Artisan Pure Eau de Toliette Spray,Odorem Dz,John varvatos Artisant blu 125ml,"12,500 DZD",12500,In Stock,https://odorem-dz.com/produit/john-varvatos-artisant-blu-125ml/
John Varvatos Artisan Pure Eau de Toliette Spray,Odorem Dz,John varvatos Artisant blu 125ml,"12,500 DZD",12500,In Stock,https://odorem-dz.com/produit/john-varvatos-artisant-blu-125ml/
John Varvatos Artisan Pure Eau de Toliette Spray,Odorem Dz,John Varvatos Artisan Pure 125ml edt,"12,500 DZD",12500,In Stock,https://odorem-dz.com/produit/artisan-pure-john-varvatos-125ml-edt/
John Varvatos Artisan Pure Eau de Toliette Spray,Odorem Dz,John Varvatos Artisan Pure 125ml edt,"12,500 DZD",12500,In Stock,https://odorem-dz.com/produit/artisan-pure-john-varvatos-125ml-edt/
JEAN PAUL GAULTIER SCANDALE PARFUM 150ML,Odorem Dz,GEL Douche JEAN PAUL GAULTIER LE BEAU NARCISSE 75ML,"4,600 DZD",4600,In Stock,https://odorem-dz.com/produit/gel-douche-jean-paul-gaultier-le-beau-narcisse-75ml/
JEAN PAUL GAULTIER SCANDALE PARFUM 150ML,Odorem Dz,GEL Douche JEAN PAUL GAULTIER LE BEAU NARCISSE 75ML,"4,600 DZD",4600,In Stock,https://odorem-dz.com/produit/gel-douche-jean-paul-gaultier-le-beau-narcisse-75ml/
JEAN PAUL GAULTIER SCANDALE PARFUM 150ML,Odorem Dz,Jean Paul Gaultier Divine Elixir 100ml,"29,200 DZD",29200,In Stock,https://odorem-dz.com/produit/jean-paul-gaultier-divine-elixir-100ml/
JEAN PAUL GAULTIER SCANDALE PARFUM 150ML,Odorem Dz,Jean Paul Gaultier Divine Elixir 100ml,"29,200 DZD",29200,In Stock,https://odorem-dz.com/produit/jean-paul-gaultier-divine-elixir-100ml/
JEAN PAUL GAULTIER SCANDALE PARFUM 150ML,Odorem Dz,Coffret Divine Jean Paul Gaultier 2pcs,"27,500 DZD",27500,In Stock,https://odorem-dz.com/produit/coffret-divine-jean-paul-gaultier-2pcs/
JEAN PAUL GAULTIER SCANDALE PARFUM 150ML,Odorem Dz,Coffret Divine Jean Paul Gaultier 2pcs,"27,500 DZD",27500,In Stock,https://odorem-dz.com/produit/coffret-divine-jean-paul-gaultier-2pcs/
JEAN PAUL GAULTIER SCANDALE PARFUM 150ML,Odorem Dz,Jean Paul Gaultier Divine Couture 100ml,"30,000 DZD",30000,In Stock,https://odorem-dz.com/produit/jean-paul-gaultier-divine-couture-100ml/
JEAN PAUL GAULTIER SCANDALE PARFUM 150ML,Odorem Dz,Jean Paul Gaultier Divine Couture 100ml,"30,000 DZD",30000,In Stock,https://odorem-dz.com/produit/jean-paul-gaultier-divine-couture-100ml/
JEAN PAUL GAULTIER SCANDALE PARFUM 150ML,Odorem Dz,Le Male Le Parfum Jean Paul Gaultier 200ml,"33,000 DZD",33000,In Stock,https://odorem-dz.com/produit/le-male-le-parfum-jean-paul-gaultier-200ml/
JEAN PAUL GAULTIER SCANDALE PARFUM 150ML,Odorem Dz,Le Male Le Parfum Jean Paul Gaultier 200ml,"33,000 DZD",33000,In Stock,https://odorem-dz.com/produit/le-male-le-parfum-jean-paul-gaultier-200ml/
JEAN PAUL GAULTIER SCANDALE PARFUM 150ML,Odorem Dz,La Belle Jean Paul Gaultier 100ml EDP,"24,500 DZD",24500,In Stock,https://odorem-dz.com/produit/la-belle-jean-paul-gaultier-100ml-edp/
JEAN PAUL GAULTIER SCANDALE PARFUM 150ML,Odorem Dz,La Belle Jean Paul Gaultier 100ml EDP,"24,500 DZD",24500,In Stock,https://odorem-dz.com/produit/la-belle-jean-paul-gaultier-100ml-edp/
JEAN PAUL GAULTIER SCANDALE PARFUM 150ML,Odorem Dz,Coffret jean Paul Gaultier scandal edt 100ml+déodorant,"24,500 DZD",24500,In Stock,https://odorem-dz.com/produit/coffret-jean-paul-gaultier-scandal-edt-100mldeodorant/
JEAN PAUL GAULTIER SCANDALE PARFUM 150ML,Odorem Dz,Coffret jean Paul Gaultier scandal edt 100ml+déodorant,"24,500 DZD",24500,In Stock,https://odorem-dz.com/produit/coffret-jean-paul-gaultier-scandal-edt-100mldeodorant/
JEAN PAUL GAULTIER SCANDALE PARFUM 150ML,Odorem Dz,Jean Paul Gaultier Scandal Gold 80ml EDP,"21,500 DZD",21500,In Stock,https://odorem-dz.com/produit/jean-paul-gaultier-scandal-gold-80ml-edp/
JEAN PAUL GAULTIER SCANDALE PARFUM 150ML,Odorem Dz,Jean Paul Gaultier Scandal Gold 80ml EDP,"21,500 DZD",21500,In Stock,https://odorem-dz.com/produit/jean-paul-gaultier-scandal-gold-80ml-edp/
JEAN PAUL GAULTIER SCANDALE PARFUM 150ML,Odorem Dz,Jean Paul Gaultier Divine le parfum 100ml,"26,900 DZD",26900,In Stock,https://odorem-dz.com/produit/jean-paul-gaultier-divine-le-parfum-100ml/
JEAN PAUL GAULTIER SCANDALE PARFUM 150ML,Odorem Dz,Jean Paul Gaultier Divine le parfum 100ml,"26,900 DZD",26900,In Stock,https://odorem-dz.com/produit/jean-paul-gaultier-divine-le-parfum-100ml/
JEAN PAUL GAULTIER SCANDALE PARFUM 150ML,Odorem Dz,Gaultier Divine Jean Paul Gaultier 100ml EDP,"24,500 DZD",24500,In Stock,https://odorem-dz.com/produit/produit-2/
JEAN PAUL GAULTIER SCANDALE PARFUM 150ML,Odorem Dz,Gaultier Divine Jean Paul Gaultier 100ml EDP,"24,500 DZD",24500,In Stock,https://odorem-dz.com/produit/produit-2/
KENZO INTENSE EDT 100ML,Smell Good Dz,Kenzo Homme Intense (10ml),"2,100 DZD",2100,In Stock,https://smellgood-dz.com/products/kenzo-homme-intense-1
KENZO INTENSE EDT 100ML,Smell Good Dz,Kenzo Homme Intense (20ml),"4,200 DZD",4200,In Stock,https://smellgood-dz.com/products/kenzo-homme-intense-1
KENZO INTENSE EDT 100ML,Smell Good Dz,Kenzo Homme Intense (30ml),"6,300 DZD",6300,In Stock,https://smellgood-dz.com/products/kenzo-homme-intense-1
KENZO INTENSE EDT 100ML,Smell Good Dz,Kenzo Homme Intense 110ml,"19,000 DZD",19000,In Stock,https://smellgood-dz.com/products/kenzo-homme-intense-110ml
KENZO INTENSE EDT 100ML,Smell Good Dz,Kenzo Homme Intense,"24,000 DZD",24000,In Stock,https://smellgood-dz.com/products/kenzo-homme-intense
KENZO INTENSE EDT 100ML,Odorem Dz,coffret kenzo edt intense 110ml+10ml+Gel Douche,"21,000 DZD",21000,In Stock,https://odorem-dz.com/produit/coffret-kenzo-edt-intense-110ml10mlgel-douche/
KENZO INTENSE EDT 100ML,Odorem Dz,coffret kenzo edt intense 110ml+10ml+Gel Douche,"21,000 DZD",21000,In Stock,https://odorem-dz.com/produit/coffret-kenzo-edt-intense-110ml10mlgel-douche/
KENZO INTENSE EDT 100ML,Odorem Dz,Kenzo Homme 110 EDT Intense,"17,800 DZD",17800,In Stock,https://odorem-dz.com/produit/kenzo-homme-eau-de-toilette-intense-100ml/
KENZO INTENSE EDT 100ML,Odorem Dz,Kenzo Homme 110 EDT Intense,"17,800 DZD",17800,In Stock,https://odorem-dz.com/produit/kenzo-homme-eau-de-toilette-intense-100ml/
Kenzo Homme Coffret Eau de Toilette 110ml + Miniature 10ml + Gel Douche 75ml,Odorem Dz,Kenzo Homme Eau De Toilette 110ml,"12,900 DZD",12900,In Stock,https://odorem-dz.com/produit/kenzo-homme-eau-de-toilette-110ml/
Kenzo Homme Coffret Eau de Toilette 110ml + Miniature 10ml + Gel Douche 75ml,Odorem Dz,Kenzo Homme Eau De Toilette 110ml,"12,900 DZD",12900,In Stock,https://odorem-dz.com/produit/kenzo-homme-eau-de-toilette-110ml/
L'EAU 2 KENZO by Kenzo Travel Exclusive EDT,Gallery Parfums Dz,L’EAU BY KENZO,"16,900 DZD",16900,In Stock,https://galleryparfums-dz.com/produit/leau-by-kenzo/
L'EAU 2 KENZO by Kenzo Travel Exclusive EDT,Gallery Parfums Dz,Kenzo Flower By Kenzo Eau de Parfum,"21,900 DZD",21900,In Stock,https://galleryparfums-dz.com/produit/kenzo-flower-by-kenzo-eau-de-parfum/
LACOSTE L.12.12 NOIR 100ML,Gallery Parfums Dz,Lacoste L.12.12 Noir,"3,900 DZD",3900,In Stock,https://galleryparfums-dz.com/produit/lacoste-l-12-12-noir/
LACOSTE L.12.12 NOIR 100ML,Gallery Parfums Dz,Eau de Lacoste L.12.12 Noir – Eau de Toilette,"11,900 DZD",11900,In Stock,https://galleryparfums-dz.com/produit/eau-de-lacoste-l-12-12-noir-eau-de-toilette/
L'INSTANT HOMME EDP 100ML,Smell Good Dz,Guerlain l'instant de Guerlain Edt 100ml,"18,000 DZD",18000,Out of Stock,https://smellgood-dz.com/products/guerlain-linstant-de-guerlain-edt-100ml
L'INSTANT HOMME EDP 100ML,Smell Good Dz,Guerlain l'instant de Guerlain (10ml),"3,300 DZD",3300,In Stock,https://smellgood-dz.com/products/guerlain-linstant-de-guerlain-1
L'INSTANT HOMME EDP 100ML,Smell Good Dz,Guerlain l'instant de Guerlain (20ml),"6,600 DZD",6600,In Stock,https://smellgood-dz.com/products/guerlain-linstant-de-guerlain-1
L'INSTANT HOMME EDP 100ML,Smell Good Dz,Guerlain l'instant de Guerlain (30ml),"9,900 DZD",9900,In Stock,https://smellgood-dz.com/products/guerlain-linstant-de-guerlain-1
L'INSTANT HOMME EDP 100ML,Smell Good Dz,Guerlain l'instant de Guerlain (40ml),"13,200 DZD",13200,In Stock,https://smellgood-dz.com/products/guerlain-linstant-de-guerlain-1
L'INSTANT HOMME EDP 100ML,Smell Good Dz,Guerlain l'instant de Guerlain (50ml),"16,500 DZD",16500,In Stock,https://smellgood-dz.com/products/guerlain-linstant-de-guerlain-1
L'INSTANT HOMME EDP 100ML,Smell Good Dz,Guerlain l'instant de Guerlain (10ml),"2,500 DZD",2500,In Stock,https://smellgood-dz.com/products/guerlain-linstant-de-guerlain
L'INSTANT HOMME EDP 100ML,Smell Good Dz,Guerlain l'instant de Guerlain (20ml),"5,000 DZD",5000,In Stock,https://smellgood-dz.com/products/guerlain-linstant-de-guerlain
L'INSTANT HOMME EDP 100ML,Smell Good Dz,Guerlain l'instant de Guerlain (30ml),"7,500 DZD",7500,In Stock,https://smellgood-dz.com/products/guerlain-linstant-de-guerlain
L'INSTANT HOMME EDP 100ML,Smell Good Dz,Guerlain l'instant de Guerlain Edp 100ml,"21,500 DZD",21500,In Stock,https://smellgood-dz.com/products/guerlain-linstant-de-guerlain-edp-100ml
L'INSTANT HOMME EDP 100ML,Smell Good Dz,Guerlain l'instant de Guerlain Edp 75ml,"22,000 DZD",22000,In Stock,https://smellgood-dz.com/products/guerlain-linstant-de-guerlain-edp-75ml
L'INSTANT HOMME EDP 100ML,Smell Good Dz,Guerlain l'instant de Guerlain Edp 100ml (Old),"30,000 DZD",30000,Out of Stock,https://smellgood-dz.com/products/guerlain-linstant-de-guerlain-femme-edp-100ml-old
L'INSTANT HOMME EDP 100ML,Odorem Dz,Guerlain l’instant Magic 75ml EDP,"21,500 DZD",21500,In Stock,https://odorem-dz.com/produit/guerlain-linstant-magic-75ml-edp/
L'INSTANT HOMME EDP 100ML,Odorem Dz,Guerlain l’instant Magic 75ml EDP,"21,500 DZD",21500,In Stock,https://odorem-dz.com/produit/guerlain-linstant-magic-75ml-edp/
L'INSTANT HOMME EDP 100ML,Odorem Dz,L’instant de Guerlain pour Homme 100ml edp,"19,900 DZD",19900,In Stock,https://odorem-dz.com/produit/linstant-de-guerlain-pour-homme-100ml-edp/
L'INSTANT HOMME EDP 100ML,Odorem Dz,L’instant de Guerlain pour Homme 100ml edp,"19,900 DZD",19900,In Stock,https://odorem-dz.com/produit/linstant-de-guerlain-pour-homme-100ml-edp/
L'INSTANT HOMME EDP 100ML,Odorem Dz,L’instant Guerlain femme 75ml edp,"18,500 DZD",18500,In Stock,https://odorem-dz.com/produit/linstant-guerlain-femme-75ml-edp/
L'INSTANT HOMME EDP 100ML,Odorem Dz,L’instant Guerlain femme 75ml edp,"18,500 DZD",18500,In Stock,https://odorem-dz.com/produit/linstant-guerlain-femme-75ml-edp/
L'INSTANT HOMME EDP 100ML,Odorem Dz,L’instant Guerlain pour Homme Eau De Parfum 100ml,"16,500 DZD",16500,In Stock,https://odorem-dz.com/produit/linstant-guerlain-pour-homme-eau-de-parfum-100ml/
L'INSTANT HOMME EDP 100ML,Odorem Dz,L’instant Guerlain pour Homme Eau De Parfum 100ml,"16,500 DZD",16500,In Stock,https://odorem-dz.com/produit/linstant-guerlain-pour-homme-eau-de-parfum-100ml/
L'INSTANT HOMME EDP 100ML,Gallery Parfums Dz,L’instant De Guerlain,"21,800 DZD",21800,In Stock,https://galleryparfums-dz.com/produit/linstant-de-guerlain/
Le Beau Paradise Garden 125ML,Smell Good Dz,Jean Paul Gaultier le Beau Paradise Garden Edp 75ml / 125ml (75ml),"24,000 DZD",24000,In Stock,https://smellgood-dz.com/products/jean-paul-gaultier-le-beau-paradise-garden-edp-125ml
Le Beau Paradise Garden 125ML,Smell Good Dz,Jean Paul Gaultier le Beau Paradise Garden Edp 75ml / 125ml (125ml),"29,000 DZD",29000,In Stock,https://smellgood-dz.com/products/jean-paul-gaultier-le-beau-paradise-garden-edp-125ml
Lapidus Pour Homme,Smell Good Dz,Ted Lapidus pour Homme Edt 100ml,"10,500 DZD",10500,In Stock,https://smellgood-dz.com/products/ted-lapidus-pour-homme-edt-100ml
Lapidus Pour Homme,Odorem Dz,Lapidus Pour Homme Black Extreme 30ml,"6,500 DZD",6500,In Stock,https://odorem-dz.com/produit/lapidus-pour-homme-black-extreme-30ml/
Lapidus Pour Homme,Odorem Dz,Lapidus Pour Homme Black Extreme 30ml,"6,500 DZD",6500,In Stock,https://odorem-dz.com/produit/lapidus-pour-homme-black-extreme-30ml/
Lapidus Pour Homme,Odorem Dz,Lapidus Pour Homme Gold Extreme 100ml,"9,000 DZD",9000,In Stock,https://odorem-dz.com/produit/lapidus-pour-homme-gold-extreme-100ml/
Lapidus Pour Homme,Odorem Dz,Lapidus Pour Homme Gold Extreme 100ml,"9,000 DZD",9000,In Stock,https://odorem-dz.com/produit/lapidus-pour-homme-gold-extreme-100ml/
Lapidus Pour Homme,Odorem Dz,Lapidus Pour Homme 100ml edt,"7,500 DZD",7500,In Stock,https://odorem-dz.com/produit/lapidus-pour-homme-100ml-edt/
Lapidus Pour Homme,Odorem Dz,Lapidus Pour Homme 100ml edt,"7,500 DZD",7500,In Stock,https://odorem-dz.com/produit/lapidus-pour-homme-100ml-edt/
Le Male Elixir 125ML JPG,Gallery Parfums Dz,LE MALE ELIXIR,"26,400 DZD",26400,In Stock,https://galleryparfums-dz.com/produit/le-male-elixir/
Light Blue Capri In Love Pour Homme 100ml EDP,Odorem Dz,Dolce & Gabbana Light Blue Capri In Love Coffret Homme 100 ml + 10 ml,"20,000 DZD",20000,In Stock,https://odorem-dz.com/produit/dolce-gabbana-light-blue-capri-in-love-coffret-homme-100-ml-10-ml/
Light Blue Capri In Love Pour Homme 100ml EDP,Odorem Dz,Dolce & Gabbana Light Blue Capri In Love Coffret Homme 100 ml + 10 ml,"20,000 DZD",20000,In Stock,https://odorem-dz.com/produit/dolce-gabbana-light-blue-capri-in-love-coffret-homme-100-ml-10-ml/
Light Blue Capri In Love Pour Homme 100ml EDP,Odorem Dz,Light Blue Capri In Love pour femme 100ml,"18,500 DZD",18500,In Stock,https://odorem-dz.com/produit/light-blue-capri-in-love-pour-femme-100ml/
Light Blue Capri In Love Pour Homme 100ml EDP,Odorem Dz,Light Blue Capri In Love pour femme 100ml,"18,500 DZD",18500,In Stock,https://odorem-dz.com/produit/light-blue-capri-in-love-pour-femme-100ml/
Light Blue Capri In Love Pour Homme 100ml EDP,Odorem Dz,Light Blue Capri In Love Pour Homme 100ml EDP,"20,500 DZD",20500,In Stock,https://odorem-dz.com/produit/light-blue-capri-in-love-pour-homme-100ml-edp/
Light Blue Capri In Love Pour Homme 100ml EDP,Odorem Dz,Light Blue Capri In Love Pour Homme 100ml EDP,"20,500 DZD",20500,In Stock,https://odorem-dz.com/produit/light-blue-capri-in-love-pour-homme-100ml-edp/
Light Blue Capri In Love Pour Homme 100ml EDP,Gallery Parfums Dz,LIGHT BLUE FOREVER,"21,900 DZD",21900,In Stock,https://galleryparfums-dz.com/produit/light-blue-forever/
Light Blue Capri In Love Pour Homme 100ml EDP,Gallery Parfums Dz,LIGHT BLUE FOREVER POUR FEMME,"18,900 DZD",18900,In Stock,https://galleryparfums-dz.com/produit/light-blue-forever-pour-femme/
Le Male Le Parfum Jean Paul Gaultier pour homme,Odorem Dz,Le Male Le Parfum Jean Paul Gaultier 200ml,"33,000 DZD",33000,In Stock,https://odorem-dz.com/produit/le-male-le-parfum-jean-paul-gaultier-200ml/
Le Male Le Parfum Jean Paul Gaultier pour homme,Odorem Dz,Le Male Le Parfum Jean Paul Gaultier 200ml,"33,000 DZD",33000,In Stock,https://odorem-dz.com/produit/le-male-le-parfum-jean-paul-gaultier-200ml/
MONT BLANC EXPLORER EDP 100ML,Smell Good Dz,Mont Blanc Explorer Ultra Blue Edp 100ml,"15,000 DZD",15000,In Stock,https://smellgood-dz.com/products/mont-blanc-explorer-ultra-blue-edp-100ml
MONT BLANC EXPLORER EDP 100ML,Smell Good Dz,Mont Blanc Explorer Ultra Blue,"19,500 DZD",19500,In Stock,https://smellgood-dz.com/products/mont-blanc-explorer-ultra-blue
MONT BLANC EXPLORER EDP 100ML,Smell Good Dz,Mont Blanc Explorer Platinum Edp 100ml,"16,000 DZD",16000,In Stock,https://smellgood-dz.com/products/mont-blanc-explorer-platinum-edp-100ml
MONT BLANC EXPLORER EDP 100ML,Smell Good Dz,Mont Blanc Explorer Platinum,"20,500 DZD",20500,In Stock,https://smellgood-dz.com/products/mont-blanc-explorer-platinum
MONT BLANC EXPLORER EDP 100ML,Smell Good Dz,Mont Blanc Explorer Extreme le Parfum 100ml,"19,500 DZD",19500,In Stock,https://smellgood-dz.com/products/mont-blanc-explorer-extreme-le-parfum-100ml
MONT BLANC EXPLORER EDP 100ML,Smell Good Dz,Mont Blanc Explorer Extreme le Parfum,"26,000 DZD",26000,In Stock,https://smellgood-dz.com/products/mont-blanc-explorer-extreme-le-parfum
MONT BLANC EXPLORER EDP 100ML,Smell Good Dz,Mont Blanc Explorer Edp 100ml / 200ml (100ml),"15,500 DZD",15500,In Stock,https://smellgood-dz.com/products/mont-blanc-explorer-edp-100ml
MONT BLANC EXPLORER EDP 100ML,Smell Good Dz,Mont Blanc Explorer Edp 100ml / 200ml (200ml),"22,000 DZD",22000,In Stock,https://smellgood-dz.com/products/mont-blanc-explorer-edp-100ml
MONT BLANC EXPLORER EDP 100ML,Odorem Dz,Mont Blanc Explorer Extreme Kit De Découverte (Parfum 7.5ml + Gel Douche 30ml),"6,000 DZD",6000,In Stock,https://odorem-dz.com/produit/mont-blanc-explorer-extreme-kit-de-decouverte-parfum-7-5ml-gel-douche-30ml/
MONT BLANC EXPLORER EDP 100ML,Odorem Dz,Mont Blanc Explorer Extreme Kit De Découverte (Parfum 7.5ml + Gel Douche 30ml),"6,000 DZD",6000,In Stock,https://odorem-dz.com/produit/mont-blanc-explorer-extreme-kit-de-decouverte-parfum-7-5ml-gel-douche-30ml/
Montblanc Legend Red 100ml,Odorem Dz,Montblanc Legend Red 200ml EDP,"17,200 DZD",17200,In Stock,https://odorem-dz.com/produit/montblanc-legend-red-200ml-edp/
Montblanc Legend Red 100ml,Odorem Dz,Montblanc Legend Red 200ml EDP,"17,200 DZD",17200,In Stock,https://odorem-dz.com/produit/montblanc-legend-red-200ml-edp/
Montblanc Legend Red 100ml,Odorem Dz,Montblanc Legend Red 100ml,"12,200 DZD",12200,In Stock,https://odorem-dz.com/produit/montblanc-legend-red-100ml/
Montblanc Legend Red 100ml,Odorem Dz,Montblanc Legend Red 100ml,"12,200 DZD",12200,In Stock,https://odorem-dz.com/produit/montblanc-legend-red-100ml/
Montblanc Legend Red 100ml,Odorem Dz,MONTBLANC LEGEND RED Coffret eau de parfum + Gel Douche +7.5ml miniature,"17,500 DZD",17500,In Stock,https://odorem-dz.com/produit/montblanc-legend-red-coffret-eau-de-parfum-deodorant-stick-vaporisateur-voyage/
Montblanc Legend Red 100ml,Odorem Dz,MONTBLANC LEGEND RED Coffret eau de parfum + Gel Douche +7.5ml miniature,"17,500 DZD",17500,In Stock,https://odorem-dz.com/produit/montblanc-legend-red-coffret-eau-de-parfum-deodorant-stick-vaporisateur-voyage/
Montblanc Legend 100ml Eau de Parfum,Odorem Dz,Coffret Montblanc legend blue 4pcs,"17,200 DZD",17200,In Stock,https://odorem-dz.com/produit/coffret-montblanc-legend-blue-4pcs/
Montblanc Legend 100ml Eau de Parfum,Odorem Dz,Coffret Montblanc legend blue 4pcs,"17,200 DZD",17200,In Stock,https://odorem-dz.com/produit/coffret-montblanc-legend-blue-4pcs/
Montblanc Legend 100ml Eau de Parfum,Odorem Dz,Stick Montblanc Legend blue 75g,"4,500 DZD",4500,In Stock,https://odorem-dz.com/produit/stick-montblanc-legend-blue-75g/
Montblanc Legend 100ml Eau de Parfum,Odorem Dz,Stick Montblanc Legend blue 75g,"4,500 DZD",4500,In Stock,https://odorem-dz.com/produit/stick-montblanc-legend-blue-75g/
Montblanc Legend 100ml Eau de Parfum,Odorem Dz,Montblanc Legend Red 200ml EDP,"17,200 DZD",17200,In Stock,https://odorem-dz.com/produit/montblanc-legend-red-200ml-edp/
Montblanc Legend 100ml Eau de Parfum,Odorem Dz,Montblanc Legend Red 200ml EDP,"17,200 DZD",17200,In Stock,https://odorem-dz.com/produit/montblanc-legend-red-200ml-edp/
Montblanc Legend 100ml Eau de Parfum,Odorem Dz,Montblanc Legend Elixir 100ml,"18,500 DZD",18500,In Stock,https://odorem-dz.com/produit/montblanc-legend-elixir-100ml/
Montblanc Legend 100ml Eau de Parfum,Odorem Dz,Montblanc Legend Elixir 100ml,"18,500 DZD",18500,In Stock,https://odorem-dz.com/produit/montblanc-legend-elixir-100ml/
Montblanc Legend 100ml Eau de Parfum,Odorem Dz,Miniature Montblanc legend blue 4.5ml,"2,100 DZD",2100,In Stock,https://odorem-dz.com/produit/miniature-montblanc-legend-blue-4-5ml/
Montblanc Legend 100ml Eau de Parfum,Odorem Dz,Miniature Montblanc legend blue 4.5ml,"2,100 DZD",2100,In Stock,https://odorem-dz.com/produit/miniature-montblanc-legend-blue-4-5ml/
Montblanc Legend 100ml Eau de Parfum,Odorem Dz,Montblanc Legend 200ml edt,"18,500 DZD",18500,In Stock,https://odorem-dz.com/produit/montblanc-legend-200ml-edt/
Montblanc Legend 100ml Eau de Parfum,Odorem Dz,Montblanc Legend 200ml edt,"18,500 DZD",18500,In Stock,https://odorem-dz.com/produit/montblanc-legend-200ml-edt/
Montblanc Legend 100ml Eau de Parfum,Odorem Dz,Montblanc Legend Red 100ml,"12,200 DZD",12200,In Stock,https://odorem-dz.com/produit/montblanc-legend-red-100ml/
Montblanc Legend 100ml Eau de Parfum,Odorem Dz,Montblanc Legend Red 100ml,"12,200 DZD",12200,In Stock,https://odorem-dz.com/produit/montblanc-legend-red-100ml/
Montblanc Legend 100ml Eau de Parfum,Odorem Dz,Montblanc Legend 100ml Eau de Parfum,"14,500 DZD",14500,In Stock,https://odorem-dz.com/produit/montblanc-legend-100ml-eau-de-parfum/
Montblanc Legend 100ml Eau de Parfum,Odorem Dz,Montblanc Legend 100ml Eau de Parfum,"14,500 DZD",14500,In Stock,https://odorem-dz.com/produit/montblanc-legend-100ml-eau-de-parfum/
Montblanc Legend 100ml Eau de Parfum,Odorem Dz,Montblanc Legend Blue 100ml EDP,"14,500 DZD",14500,In Stock,https://odorem-dz.com/produit/montblanc-legend-blue-100ml-edp/
Montblanc Legend 100ml Eau de Parfum,Odorem Dz,Montblanc Legend Blue 100ml EDP,"14,500 DZD",14500,In Stock,https://odorem-dz.com/produit/montblanc-legend-blue-100ml-edp/
Montblanc Legend 100ml Eau de Parfum,Odorem Dz,COFFRET MONTBLANC LEGEND EDT 100 ML + 7.5 ML + STICK 75 G,"15,200 DZD",15200,In Stock,https://odorem-dz.com/produit/coffret-mb-legend-edt-100-ml-7-5-ml-stick-75-g/
Montblanc Legend 100ml Eau de Parfum,Odorem Dz,COFFRET MONTBLANC LEGEND EDT 100 ML + 7.5 ML + STICK 75 G,"15,200 DZD",15200,In Stock,https://odorem-dz.com/produit/coffret-mb-legend-edt-100-ml-7-5-ml-stick-75-g/
Montblanc Legend 100ml Eau de Parfum,Odorem Dz,Déodoran stick Montblanc Legend 75g,"4,000 DZD",4000,In Stock,https://odorem-dz.com/produit/deodorant-stick-legend-75g/
Montblanc Legend 100ml Eau de Parfum,Odorem Dz,Déodoran stick Montblanc Legend 75g,"4,000 DZD",4000,In Stock,https://odorem-dz.com/produit/deodorant-stick-legend-75g/
Montblanc Legend 100ml Eau de Parfum,Odorem Dz,stick Montblanc Legend spirit 75g,"4,000 DZD",4000,In Stock,https://odorem-dz.com/produit/deodorant-stick-legend-spirit-75g/
Montblanc Legend 100ml Eau de Parfum,Odorem Dz,stick Montblanc Legend spirit 75g,"4,000 DZD",4000,In Stock,https://odorem-dz.com/produit/deodorant-stick-legend-spirit-75g/
Montblanc Legend 100ml Eau de Parfum,Odorem Dz,MONTBLANC LEGEND RED Coffret eau de parfum + Gel Douche +7.5ml miniature,"17,500 DZD",17500,In Stock,https://odorem-dz.com/produit/montblanc-legend-red-coffret-eau-de-parfum-deodorant-stick-vaporisateur-voyage/
Montblanc Legend 100ml Eau de Parfum,Odorem Dz,MONTBLANC LEGEND RED Coffret eau de parfum + Gel Douche +7.5ml miniature,"17,500 DZD",17500,In Stock,https://odorem-dz.com/produit/montblanc-legend-red-coffret-eau-de-parfum-deodorant-stick-vaporisateur-voyage/
Montblanc Legend 100ml Eau de Parfum,Odorem Dz,Legend Spirit Montblanc 100ml edt,"15,800 DZD",15800,In Stock,https://odorem-dz.com/produit/legend-spirit-montblanc-100ml-edt/
Montblanc Legend 100ml Eau de Parfum,Odorem Dz,Legend Spirit Montblanc 100ml edt,"15,800 DZD",15800,In Stock,https://odorem-dz.com/produit/legend-spirit-montblanc-100ml-edt/
Montblanc Legend 100ml Eau de Parfum,Gallery Parfums Dz,Montblanc Legend Night-Gel Douche Intégral,"4,800 DZD",4800,In Stock,https://galleryparfums-dz.com/produit/montblanc-legend-night-gel-douche-integral/
Montblanc Legend 100ml Eau de Parfum,Gallery Parfums Dz,Montblanc Legend-Gel Douche Intégral,"3,900 DZD",3900,In Stock,https://galleryparfums-dz.com/produit/montblanc-legend-gel-douche-integral/
Montblanc Legend 100ml Eau de Parfum,Gallery Parfums Dz,MontBlanc Legend,"3,600 DZD",3600,In Stock,https://galleryparfums-dz.com/produit/montblanc-legend/
Nautica Voyage EDT 100ML,Smell Good Dz,Nautica Voyage (10ml),"1,300 DZD",1300,In Stock,https://smellgood-dz.com/products/nautica-voyage
Nautica Voyage EDT 100ML,Smell Good Dz,Nautica Voyage (20ml),"2,600 DZD",2600,In Stock,https://smellgood-dz.com/products/nautica-voyage
Nautica Voyage EDT 100ML,Smell Good Dz,Nautica Voyage (30ml),"3,900 DZD",3900,In Stock,https://smellgood-dz.com/products/nautica-voyage
Nautica Voyage EDT 100ML,Smell Good Dz,Nautica Voyage Edt 100ml / 200ml (100ml),"10,000 DZD",10000,In Stock,https://smellgood-dz.com/products/nautica-voyage-edt-100ml-200ml
Nautica Voyage EDT 100ML,Smell Good Dz,Nautica Voyage Edt 100ml / 200ml (200ml),"15,000 DZD",15000,In Stock,https://smellgood-dz.com/products/nautica-voyage-edt-100ml-200ml
Nautica Voyage EDT 100ML,Odorem Dz,Déodorant Nautica voyage 170ml,"4,200 DZD",4200,In Stock,https://odorem-dz.com/produit/deodorant-nautica-voyage-170ml/
Nautica Voyage EDT 100ML,Odorem Dz,Déodorant Nautica voyage 170ml,"4,200 DZD",4200,In Stock,https://odorem-dz.com/produit/deodorant-nautica-voyage-170ml/
Nautica Voyage EDT 100ML,Odorem Dz,Nautica voyage 200ml,"12,500 DZD",12500,In Stock,https://odorem-dz.com/produit/nautica-voyage-200ml/
Nautica Voyage EDT 100ML,Odorem Dz,Nautica voyage 200ml,"12,500 DZD",12500,In Stock,https://odorem-dz.com/produit/nautica-voyage-200ml/
Nautica Voyage EDT 100ML,Odorem Dz,Nautica Voyage N-83 100ml,"9,500 DZD",9500,In Stock,https://odorem-dz.com/produit/nautica-voyage-n-83-100ml/
Nautica Voyage EDT 100ML,Odorem Dz,Nautica Voyage N-83 100ml,"9,500 DZD",9500,In Stock,https://odorem-dz.com/produit/nautica-voyage-n-83-100ml/
Nautica Voyage EDT 100ML,Odorem Dz,Nautica Voyage 100ml Eau de Toilette,"8,400 DZD",8400,In Stock,https://odorem-dz.com/produit/nautica-voyage-eau-de-toilette-100ml/
Nautica Voyage EDT 100ML,Odorem Dz,Nautica Voyage 100ml Eau de Toilette,"8,400 DZD",8400,In Stock,https://odorem-dz.com/produit/nautica-voyage-eau-de-toilette-100ml/
One Million Elixir Parfum Intense,Gallery Parfums Dz,ONE MILLION ELIXIR,"209,000,027,600,002,090,000,276 DZD",209000027600002090000276,In Stock,https://galleryparfums-dz.com/produit/one-million-elixir/
One Million Lucky EDT 100ml,Gallery Parfums Dz,LUCKY ONE MILLION,"20,900 DZD",20900,In Stock,https://galleryparfums-dz.com/produit/lucky-one-million/
One Million Lucky EDT 100ml,Gallery Parfums Dz,ONE MILLION ELIXIR,"209,000,027,600,002,090,000,276 DZD",209000027600002090000276,In Stock,https://galleryparfums-dz.com/produit/one-million-elixir/
One Million Lucky EDT 100ml,Gallery Parfums Dz,ONE MILLION,"6,800 DZD",6800,In Stock,https://galleryparfums-dz.com/produit/one-million-2/
PRADA PARADIGME EDP 100ML,Smell Good Dz,Prada Paradigme Edp 100ml,"28,000 DZD",28000,In Stock,https://smellgood-dz.com/products/prada-paradigme-edp-100ml
PRADA PARADIGME EDP 100ML,Odorem Dz,Recharge prada paradigme 150ml,"28,500 DZD",28500,In Stock,https://odorem-dz.com/produit/recharge-prada-paradigme-150ml/
PRADA PARADIGME EDP 100ML,Odorem Dz,Recharge prada paradigme 150ml,"28,500 DZD",28500,In Stock,https://odorem-dz.com/produit/recharge-prada-paradigme-150ml/
PRADA PARADIGME EDP 100ML,Odorem Dz,Prada Paradigme 100ml Eau de parfum,"28,500 DZD",28500,In Stock,https://odorem-dz.com/produit/prada-paradigme-100ml-eau-de-parfum/
PRADA PARADIGME EDP 100ML,Odorem Dz,Prada Paradigme 100ml Eau de parfum,"28,500 DZD",28500,In Stock,https://odorem-dz.com/produit/prada-paradigme-100ml-eau-de-parfum/
Paco Rabanne pour Homme Eau De Toilette 100ml,Odorem Dz,Paco Rabanne pour Homme 200ml,"16,800 DZD",16800,In Stock,https://odorem-dz.com/produit/paco-rabanne-pour-homme-200ml/
Paco Rabanne pour Homme Eau De Toilette 100ml,Odorem Dz,Paco Rabanne pour Homme 200ml,"16,800 DZD",16800,In Stock,https://odorem-dz.com/produit/paco-rabanne-pour-homme-200ml/
Paco Rabanne pour Homme Eau De Toilette 100ml,Odorem Dz,Paco Rabanne pour Homme Eau De Toilette 100ml,"13,200 DZD",13200,In Stock,https://odorem-dz.com/produit/paco-rabanne-pour-homme-eau-de-toilette-100ml/
Paco Rabanne pour Homme Eau De Toilette 100ml,Odorem Dz,Paco Rabanne pour Homme Eau De Toilette 100ml,"13,200 DZD",13200,In Stock,https://odorem-dz.com/produit/paco-rabanne-pour-homme-eau-de-toilette-100ml/
Paco Rabanne pour Homme Eau De Toilette 100ml,Odorem Dz,Paco Rabanne rosé 100ml,"10,800 DZD",10800,In Stock,https://odorem-dz.com/produit/paco-rabanne-rose-100ml/
Paco Rabanne pour Homme Eau De Toilette 100ml,Odorem Dz,Paco Rabanne rosé 100ml,"10,800 DZD",10800,In Stock,https://odorem-dz.com/produit/paco-rabanne-rose-100ml/
Paco Rabanne pour Homme Eau De Toilette 100ml,Odorem Dz,Gel Douche PACO RABANNE OLYMPEA 200ml,"5,400 DZD",5400,In Stock,https://odorem-dz.com/produit/gel-douche-paco-rabanne-olympea-200ml/
Paco Rabanne pour Homme Eau De Toilette 100ml,Odorem Dz,Gel Douche PACO RABANNE OLYMPEA 200ml,"5,400 DZD",5400,In Stock,https://odorem-dz.com/produit/gel-douche-paco-rabanne-olympea-200ml/
Paco Rabanne pour Homme Eau De Toilette 100ml,Odorem Dz,Gel Douche Paco rabanne phantom 75ml,"4,500 DZD",4500,In Stock,https://odorem-dz.com/produit/gel-douche-paco-rabanne-phantom-75ml/
Paco Rabanne pour Homme Eau De Toilette 100ml,Odorem Dz,Gel Douche Paco rabanne phantom 75ml,"4,500 DZD",4500,In Stock,https://odorem-dz.com/produit/gel-douche-paco-rabanne-phantom-75ml/
Paco Rabanne pour Homme Eau De Toilette 100ml,Odorem Dz,1 Million Royal Paco Rabanne 200ml,"29,900 DZD",29900,In Stock,https://odorem-dz.com/produit/1-million-royal-paco-rabanne-200ml/
Paco Rabanne pour Homme Eau De Toilette 100ml,Odorem Dz,1 Million Royal Paco Rabanne 200ml,"29,900 DZD",29900,In Stock,https://odorem-dz.com/produit/1-million-royal-paco-rabanne-200ml/
Paco Rabanne pour Homme Eau De Toilette 100ml,Odorem Dz,1 Million Royal Paco Rabanne 100ml parfum,"23,000 DZD",23000,In Stock,https://odorem-dz.com/produit/1-million-royal-paco-rabanne-100ml-parfum/
Paco Rabanne pour Homme Eau De Toilette 100ml,Odorem Dz,1 Million Royal Paco Rabanne 100ml parfum,"23,000 DZD",23000,In Stock,https://odorem-dz.com/produit/1-million-royal-paco-rabanne-100ml-parfum/
Paco Rabanne pour Homme Eau De Toilette 100ml,Odorem Dz,Déodorant Paco Rabanne phantom 150ml,"6,500 DZD",6500,In Stock,https://odorem-dz.com/produit/deodorant-paco-rabanne-phantom-150ml/
Paco Rabanne pour Homme Eau De Toilette 100ml,Odorem Dz,Déodorant Paco Rabanne phantom 150ml,"6,500 DZD",6500,In Stock,https://odorem-dz.com/produit/deodorant-paco-rabanne-phantom-150ml/
Paco Rabanne pour Homme Eau De Toilette 100ml,Odorem Dz,XS (2018) Paco Rabanne 100ml edt,"12,800 DZD",12800,In Stock,https://odorem-dz.com/produit/xs-2018-paco-rabanne-100ml-edt/
Paco Rabanne pour Homme Eau De Toilette 100ml,Odorem Dz,XS (2018) Paco Rabanne 100ml edt,"12,800 DZD",12800,In Stock,https://odorem-dz.com/produit/xs-2018-paco-rabanne-100ml-edt/
Paco Rabanne pour Homme Eau De Toilette 100ml,Odorem Dz,Coffret paco Rabanne Olympéa 80ml+20ml edp,"18,900 DZD",18900,In Stock,https://odorem-dz.com/produit/coffret-paco-rabanne-olympea-80ml20ml-edp/
Paco Rabanne pour Homme Eau De Toilette 100ml,Odorem Dz,Coffret paco Rabanne Olympéa 80ml+20ml edp,"18,900 DZD",18900,In Stock,https://odorem-dz.com/produit/coffret-paco-rabanne-olympea-80ml20ml-edp/
Paco Rabanne pour Homme Eau De Toilette 100ml,Odorem Dz,Fame Paco Rabanne 80ml edp,"22,000 DZD",22000,In Stock,https://odorem-dz.com/produit/fame-paco-rabanne-80ml-edp/
Paco Rabanne pour Homme Eau De Toilette 100ml,Odorem Dz,Fame Paco Rabanne 80ml edp,"22,000 DZD",22000,In Stock,https://odorem-dz.com/produit/fame-paco-rabanne-80ml-edp/
Paco Rabanne pour Homme Eau De Toilette 100ml,Odorem Dz,Black XS for Her Paco Rabanne 80ml edt,"16,500 DZD",16500,In Stock,https://odorem-dz.com/produit/black-xs-for-her-paco-rabanne-80ml-edt/
Paco Rabanne pour Homme Eau De Toilette 100ml,Odorem Dz,Black XS for Her Paco Rabanne 80ml edt,"16,500 DZD",16500,In Stock,https://odorem-dz.com/produit/black-xs-for-her-paco-rabanne-80ml-edt/
Paco Rabanne pour Homme Eau De Toilette 100ml,Odorem Dz,Invictus Victory paco Rabanne 200ml,"25,000 DZD",25000,In Stock,https://odorem-dz.com/produit/invictus-victory-paco-rabanne-200ml-edp/
Paco Rabanne pour Homme Eau De Toilette 100ml,Odorem Dz,Invictus Victory paco Rabanne 200ml,"25,000 DZD",25000,In Stock,https://odorem-dz.com/produit/invictus-victory-paco-rabanne-200ml-edp/
Paco Rabanne pour Homme Eau De Toilette 100ml,Odorem Dz,Invictus Platinum paco Rabanne 100ml edp,"20,500 DZD",20500,In Stock,https://odorem-dz.com/produit/invictus-platinium-paco-rabanne-100ml-edp/
Paco Rabanne pour Homme Eau De Toilette 100ml,Odorem Dz,Invictus Platinum paco Rabanne 100ml edp,"20,500 DZD",20500,In Stock,https://odorem-dz.com/produit/invictus-platinium-paco-rabanne-100ml-edp/
Paco Rabanne pour Homme Eau De Toilette 100ml,Odorem Dz,Paco Rabanne Phantom eau de toilette 100ml,"17,000 DZD",17000,In Stock,https://odorem-dz.com/produit/paco-rabanne-phantom-eau-de-toilette-100ml/
Paco Rabanne pour Homme Eau De Toilette 100ml,Odorem Dz,Paco Rabanne Phantom eau de toilette 100ml,"17,000 DZD",17000,In Stock,https://odorem-dz.com/produit/paco-rabanne-phantom-eau-de-toilette-100ml/
Paco Rabanne pour Homme Eau De Toilette 100ml,Gallery Parfums Dz,PACO RABANNE POUR HOMME,"13,900 DZD",13900,In Stock,https://galleryparfums-dz.com/produit/paco-rabanne-pour-homme/
Prada Paradigme EDP 100ml,Smell Good Dz,Prada Paradigme Edp 100ml,"28,000 DZD",28000,In Stock,https://smellgood-dz.com/products/prada-paradigme-edp-100ml
Prada Paradigme EDP 100ml,Odorem Dz,Recharge prada paradigme 150ml,"28,500 DZD",28500,In Stock,https://odorem-dz.com/produit/recharge-prada-paradigme-150ml/
Prada Paradigme EDP 100ml,Odorem Dz,Recharge prada paradigme 150ml,"28,500 DZD",28500,In Stock,https://odorem-dz.com/produit/recharge-prada-paradigme-150ml/
Prada Paradigme EDP 100ml,Odorem Dz,Prada Paradigme 100ml Eau de parfum,"28,500 DZD",28500,In Stock,https://odorem-dz.com/produit/prada-paradigme-100ml-eau-de-parfum/
Prada Paradigme EDP 100ml,Odorem Dz,Prada Paradigme 100ml Eau de parfum,"28,500 DZD",28500,In Stock,https://odorem-dz.com/produit/prada-paradigme-100ml-eau-de-parfum/
Stronger With You Intensely Giorgio Armani 100ML,Odorem Dz,Stronger With You Powerfully 100ml EDP,"25,500 DZD",25500,In Stock,https://odorem-dz.com/produit/stronger-with-you-powerfully-100ml-edp/
Stronger With You Intensely Giorgio Armani 100ML,Odorem Dz,Stronger With You Powerfully 100ml EDP,"25,500 DZD",25500,In Stock,https://odorem-dz.com/produit/stronger-with-you-powerfully-100ml-edp/
Stronger With You Intensely Giorgio Armani 100ML,Odorem Dz,Coffret travel Stronger With You Intensely,"25,000 DZD",25000,In Stock,https://odorem-dz.com/produit/coffret-travel-stronger-with-you-intensely/
Stronger With You Intensely Giorgio Armani 100ML,Odorem Dz,Coffret travel Stronger With You Intensely,"25,000 DZD",25000,In Stock,https://odorem-dz.com/produit/coffret-travel-stronger-with-you-intensely/
Stronger With You Intensely Giorgio Armani 100ML,Odorem Dz,Stronger With You Amber 100ml EDP,"28,000 DZD",28000,In Stock,https://odorem-dz.com/produit/stronger-with-you-amber-100ml-edp/
Stronger With You Intensely Giorgio Armani 100ML,Odorem Dz,Stronger With You Amber 100ml EDP,"28,000 DZD",28000,In Stock,https://odorem-dz.com/produit/stronger-with-you-amber-100ml-edp/
Stronger With You Intensely Giorgio Armani 100ML,Odorem Dz,Stronger With You Parfum 100ml,"25,000 DZD",25000,In Stock,https://odorem-dz.com/produit/stronger-with-you-parfum-100ml/
Stronger With You Intensely Giorgio Armani 100ML,Odorem Dz,Stronger With You Parfum 100ml,"25,000 DZD",25000,In Stock,https://odorem-dz.com/produit/stronger-with-you-parfum-100ml/
Stronger With You Intensely Giorgio Armani 100ML,Odorem Dz,Stronger With You Sandalwood 100ml EDP,"28,500 DZD",28500,In Stock,https://odorem-dz.com/produit/stronger-with-you-sandalwood-100ml-edp/
Stronger With You Intensely Giorgio Armani 100ML,Odorem Dz,Stronger With You Sandalwood 100ml EDP,"28,500 DZD",28500,In Stock,https://odorem-dz.com/produit/stronger-with-you-sandalwood-100ml-edp/
Stronger With You Intensely Giorgio Armani 100ML,Odorem Dz,Stronger With You Intensely 100ml edp,"23,800 DZD",23800,In Stock,https://odorem-dz.com/produit/stronger-with-you-intensely-100ml-edp/
Stronger With You Intensely Giorgio Armani 100ML,Odorem Dz,Stronger With You Intensely 100ml edp,"23,800 DZD",23800,In Stock,https://odorem-dz.com/produit/stronger-with-you-intensely-100ml-edp/
Stronger With You Intensely Giorgio Armani 100ML,Odorem Dz,Stronger With You Leather 100ml edp,"19,900 DZD",19900,In Stock,https://odorem-dz.com/produit/stronger-with-you-leather-100ml-edp/
Stronger With You Intensely Giorgio Armani 100ML,Odorem Dz,Stronger With You Leather 100ml edp,"19,900 DZD",19900,In Stock,https://odorem-dz.com/produit/stronger-with-you-leather-100ml-edp/
Stronger With You Intensely Giorgio Armani 100ML,Odorem Dz,Stronger with you absolutely Eau De Parfum 100ml,"24,500 DZD",24500,In Stock,https://odorem-dz.com/produit/stronger-with-you-absolutely-eau-de-parfum-100ml/
Stronger With You Intensely Giorgio Armani 100ML,Odorem Dz,Stronger with you absolutely Eau De Parfum 100ml,"24,500 DZD",24500,In Stock,https://odorem-dz.com/produit/stronger-with-you-absolutely-eau-de-parfum-100ml/
Stronger With You Intensely Giorgio Armani 100ML,Odorem Dz,Stronger In love with you 100ml EDP,"18,800 DZD",18800,In Stock,https://odorem-dz.com/produit/in-love-with-you-eau-de-parfum-100ml/
Stronger With You Intensely Giorgio Armani 100ML,Odorem Dz,Stronger In love with you 100ml EDP,"18,800 DZD",18800,In Stock,https://odorem-dz.com/produit/in-love-with-you-eau-de-parfum-100ml/
Stronger With You Intensely Giorgio Armani 100ML,Gallery Parfums Dz,STRONGER WITH YOU,"116,000,027,600,001,160,000,276 DZD",116000027600001160000276,In Stock,https://galleryparfums-dz.com/produit/stronger-with-you/
Stronger With You Intensely Giorgio Armani 100ML,Gallery Parfums Dz,STRONGER WITH YOU ABSOLUTELY,"22,600 DZD",22600,In Stock,https://galleryparfums-dz.com/produit/stronger-with-you-absolutely/
Stronger With You Absolutely Giorgio Armani 100ML,Odorem Dz,Stronger With You Powerfully 100ml EDP,"25,500 DZD",25500,In Stock,https://odorem-dz.com/produit/stronger-with-you-powerfully-100ml-edp/
Stronger With You Absolutely Giorgio Armani 100ML,Odorem Dz,Stronger With You Powerfully 100ml EDP,"25,500 DZD",25500,In Stock,https://odorem-dz.com/produit/stronger-with-you-powerfully-100ml-edp/
Stronger With You Absolutely Giorgio Armani 100ML,Odorem Dz,Coffret travel Stronger With You Intensely,"25,000 DZD",25000,In Stock,https://odorem-dz.com/produit/coffret-travel-stronger-with-you-intensely/
Stronger With You Absolutely Giorgio Armani 100ML,Odorem Dz,Coffret travel Stronger With You Intensely,"25,000 DZD",25000,In Stock,https://odorem-dz.com/produit/coffret-travel-stronger-with-you-intensely/
Stronger With You Absolutely Giorgio Armani 100ML,Odorem Dz,Stronger With You Amber 100ml EDP,"28,000 DZD",28000,In Stock,https://odorem-dz.com/produit/stronger-with-you-amber-100ml-edp/
Stronger With You Absolutely Giorgio Armani 100ML,Odorem Dz,Stronger With You Amber 100ml EDP,"28,000 DZD",28000,In Stock,https://odorem-dz.com/produit/stronger-with-you-amber-100ml-edp/
Stronger With You Absolutely Giorgio Armani 100ML,Odorem Dz,Stronger With You Parfum 100ml,"25,000 DZD",25000,In Stock,https://odorem-dz.com/produit/stronger-with-you-parfum-100ml/
Stronger With You Absolutely Giorgio Armani 100ML,Odorem Dz,Stronger With You Parfum 100ml,"25,000 DZD",25000,In Stock,https://odorem-dz.com/produit/stronger-with-you-parfum-100ml/
Stronger With You Absolutely Giorgio Armani 100ML,Odorem Dz,Stronger With You Sandalwood 100ml EDP,"28,500 DZD",28500,In Stock,https://odorem-dz.com/produit/stronger-with-you-sandalwood-100ml-edp/
Stronger With You Absolutely Giorgio Armani 100ML,Odorem Dz,Stronger With You Sandalwood 100ml EDP,"28,500 DZD",28500,In Stock,https://odorem-dz.com/produit/stronger-with-you-sandalwood-100ml-edp/
Stronger With You Absolutely Giorgio Armani 100ML,Odorem Dz,Stronger With You Intensely 100ml edp,"23,800 DZD",23800,In Stock,https://odorem-dz.com/produit/stronger-with-you-intensely-100ml-edp/
Stronger With You Absolutely Giorgio Armani 100ML,Odorem Dz,Stronger With You Intensely 100ml edp,"23,800 DZD",23800,In Stock,https://odorem-dz.com/produit/stronger-with-you-intensely-100ml-edp/
Stronger With You Absolutely Giorgio Armani 100ML,Odorem Dz,Stronger With You Leather 100ml edp,"19,900 DZD",19900,In Stock,https://odorem-dz.com/produit/stronger-with-you-leather-100ml-edp/
Stronger With You Absolutely Giorgio Armani 100ML,Odorem Dz,Stronger With You Leather 100ml edp,"19,900 DZD",19900,In Stock,https://odorem-dz.com/produit/stronger-with-you-leather-100ml-edp/
Stronger With You Absolutely Giorgio Armani 100ML,Odorem Dz,Stronger with you absolutely Eau De Parfum 100ml,"24,500 DZD",24500,In Stock,https://odorem-dz.com/produit/stronger-with-you-absolutely-eau-de-parfum-100ml/
Stronger With You Absolutely Giorgio Armani 100ML,Odorem Dz,Stronger with you absolutely Eau De Parfum 100ml,"24,500 DZD",24500,In Stock,https://odorem-dz.com/produit/stronger-with-you-absolutely-eau-de-parfum-100ml/
Stronger With You Absolutely Giorgio Armani 100ML,Odorem Dz,Stronger In love with you 100ml EDP,"18,800 DZD",18800,In Stock,https://odorem-dz.com/produit/in-love-with-you-eau-de-parfum-100ml/
Stronger With You Absolutely Giorgio Armani 100ML,Odorem Dz,Stronger In love with you 100ml EDP,"18,800 DZD",18800,In Stock,https://odorem-dz.com/produit/in-love-with-you-eau-de-parfum-100ml/
Stronger With You Absolutely Giorgio Armani 100ML,Gallery Parfums Dz,STRONGER WITH YOU,"116,000,027,600,001,160,000,276 DZD",116000027600001160000276,In Stock,https://galleryparfums-dz.com/produit/stronger-with-you/
Stronger With You Absolutely Giorgio Armani 100ML,Gallery Parfums Dz,STRONGER WITH YOU ABSOLUTELY,"22,600 DZD",22600,In Stock,https://galleryparfums-dz.com/produit/stronger-with-you-absolutely/
Stronger With You PARFUM 100ml,Smell Good Dz,Emporio Armani Stronger with You Powerfully Edp 100ml,"28,500 DZD",28500,In Stock,https://smellgood-dz.com/products/emporio-armani-powerfully-edp-100ml
Stronger With You PARFUM 100ml,Smell Good Dz,Emporio Armani Stronger with You Intensely,"22,500 DZD",22500,In Stock,https://smellgood-dz.com/products/emporio-armani-stronger-with-you-intensely-1
Stronger With You PARFUM 100ml,Smell Good Dz,Emporio Armani Stronger with You Edt 100ml,"21,000 DZD",21000,In Stock,https://smellgood-dz.com/products/emporio-armani-stronger-with-you-edt-100ml
Stronger With You PARFUM 100ml,Smell Good Dz,Emporio Armani Stronger With You Intensely (10ml),"2,700 DZD",2700,In Stock,https://smellgood-dz.com/products/emporio-armani-stronger-with-you-intensely
Stronger With You PARFUM 100ml,Smell Good Dz,Emporio Armani Stronger With You Intensely (20ml),"5,400 DZD",5400,In Stock,https://smellgood-dz.com/products/emporio-armani-stronger-with-you-intensely
Stronger With You PARFUM 100ml,Smell Good Dz,Emporio Armani Stronger With You Intensely (30ml),"8,100 DZD",8100,In Stock,https://smellgood-dz.com/products/emporio-armani-stronger-with-you-intensely
Stronger With You PARFUM 100ml,Smell Good Dz,Emporio Armani Stronger with You Tobacco Edp 100ml,"27,500 DZD",27500,In Stock,https://smellgood-dz.com/products/emporio-armani-stronger-with-you-tobacco-edp-100ml
Stronger With You PARFUM 100ml,Smell Good Dz,Emporio Armani Stronger with You le Parfum 100ml,"25,500 DZD",25500,In Stock,https://smellgood-dz.com/products/emporio-armani-stronger-with-you-le-parfum-100ml
Stronger With You PARFUM 100ml,Smell Good Dz,Emporio Armani Stronger with You,"17,500 DZD",17500,In Stock,https://smellgood-dz.com/products/emporio-armani-stronger-with-you
Stronger With You PARFUM 100ml,Smell Good Dz,Emporio Armani Stronger with You Intensely 50ml / 100ml / 150ml (50ml),"20,000 DZD",20000,In Stock,https://smellgood-dz.com/products/emporio-armani-stronger-with-you-intensely-50ml-100ml
Stronger With You PARFUM 100ml,Smell Good Dz,Emporio Armani Stronger with You Intensely 50ml / 100ml / 150ml (100ml),"24,000 DZD",24000,In Stock,https://smellgood-dz.com/products/emporio-armani-stronger-with-you-intensely-50ml-100ml
Stronger With You PARFUM 100ml,Smell Good Dz,Emporio Armani Stronger with You Intensely 50ml / 100ml / 150ml (150ml),"30,000 DZD",30000,In Stock,https://smellgood-dz.com/products/emporio-armani-stronger-with-you-intensely-50ml-100ml
Stronger With You PARFUM 100ml,Smell Good Dz,Emporio Armani Stronger with You Absolutely 100ml,"25,000 DZD",25000,In Stock,https://smellgood-dz.com/products/emporio-armani-stronger-with-you-absolutely-parfum-100ml
Stronger With You PARFUM 100ml,Odorem Dz,Stronger With You Powerfully 100ml EDP,"25,500 DZD",25500,In Stock,https://odorem-dz.com/produit/stronger-with-you-powerfully-100ml-edp/
Stronger With You PARFUM 100ml,Odorem Dz,Stronger With You Powerfully 100ml EDP,"25,500 DZD",25500,In Stock,https://odorem-dz.com/produit/stronger-with-you-powerfully-100ml-edp/
Stronger With You PARFUM 100ml,Odorem Dz,Coffret travel Stronger With You Intensely,"25,000 DZD",25000,In Stock,https://odorem-dz.com/produit/coffret-travel-stronger-with-you-intensely/
Stronger With You PARFUM 100ml,Odorem Dz,Coffret travel Stronger With You Intensely,"25,000 DZD",25000,In Stock,https://odorem-dz.com/produit/coffret-travel-stronger-with-you-intensely/
Stronger With You PARFUM 100ml,Odorem Dz,Stronger With You Amber 100ml EDP,"28,000 DZD",28000,In Stock,https://odorem-dz.com/produit/stronger-with-you-amber-100ml-edp/
Stronger With You PARFUM 100ml,Odorem Dz,Stronger With You Amber 100ml EDP,"28,000 DZD",28000,In Stock,https://odorem-dz.com/produit/stronger-with-you-amber-100ml-edp/
Stronger With You PARFUM 100ml,Odorem Dz,Stronger With You Parfum 100ml,"25,000 DZD",25000,In Stock,https://odorem-dz.com/produit/stronger-with-you-parfum-100ml/
Stronger With You PARFUM 100ml,Odorem Dz,Stronger With You Parfum 100ml,"25,000 DZD",25000,In Stock,https://odorem-dz.com/produit/stronger-with-you-parfum-100ml/
Stronger With You PARFUM 100ml,Odorem Dz,Stronger With You Sandalwood 100ml EDP,"28,500 DZD",28500,In Stock,https://odorem-dz.com/produit/stronger-with-you-sandalwood-100ml-edp/
Stronger With You PARFUM 100ml,Odorem Dz,Stronger With You Sandalwood 100ml EDP,"28,500 DZD",28500,In Stock,https://odorem-dz.com/produit/stronger-with-you-sandalwood-100ml-edp/
Stronger With You PARFUM 100ml,Odorem Dz,Stronger With You Intensely 100ml edp,"23,800 DZD",23800,In Stock,https://odorem-dz.com/produit/stronger-with-you-intensely-100ml-edp/
Stronger With You PARFUM 100ml,Odorem Dz,Stronger With You Intensely 100ml edp,"23,800 DZD",23800,In Stock,https://odorem-dz.com/produit/stronger-with-you-intensely-100ml-edp/
Stronger With You PARFUM 100ml,Odorem Dz,Stronger With You Leather 100ml edp,"19,900 DZD",19900,In Stock,https://odorem-dz.com/produit/stronger-with-you-leather-100ml-edp/
Stronger With You PARFUM 100ml,Odorem Dz,Stronger With You Leather 100ml edp,"19,900 DZD",19900,In Stock,https://odorem-dz.com/produit/stronger-with-you-leather-100ml-edp/
Stronger With You PARFUM 100ml,Odorem Dz,Stronger with you absolutely Eau De Parfum 100ml,"24,500 DZD",24500,In Stock,https://odorem-dz.com/produit/stronger-with-you-absolutely-eau-de-parfum-100ml/
Stronger With You PARFUM 100ml,Odorem Dz,Stronger with you absolutely Eau De Parfum 100ml,"24,500 DZD",24500,In Stock,https://odorem-dz.com/produit/stronger-with-you-absolutely-eau-de-parfum-100ml/
Stronger With You PARFUM 100ml,Odorem Dz,Stronger In love with you 100ml EDP,"18,800 DZD",18800,In Stock,https://odorem-dz.com/produit/in-love-with-you-eau-de-parfum-100ml/
Stronger With You PARFUM 100ml,Odorem Dz,Stronger In love with you 100ml EDP,"18,800 DZD",18800,In Stock,https://odorem-dz.com/produit/in-love-with-you-eau-de-parfum-100ml/
Stronger With You PARFUM 100ml,Gallery Parfums Dz,STRONGER WITH YOU,"116,000,027,600,001,160,000,276 DZD",116000027600001160000276,In Stock,https://galleryparfums-dz.com/produit/stronger-with-you/
Stronger With You PARFUM 100ml,Gallery Parfums Dz,STRONGER WITH YOU ABSOLUTELY,"22,600 DZD",22600,In Stock,https://galleryparfums-dz.com/produit/stronger-with-you-absolutely/
Valentino Uomo Born in Roma Eau De Toilette 100ml,Odorem Dz,Valentino Uomo Born in Roma Purple Melancholia 100ml,"29,500 DZD",29500,In Stock,https://odorem-dz.com/produit/valentino-uomo-born-in-roma-purple-melancholia-100ml/
Valentino Uomo Born in Roma Eau De Toilette 100ml,Odorem Dz,Valentino Uomo Born in Roma Purple Melancholia 100ml,"29,500 DZD",29500,In Stock,https://odorem-dz.com/produit/valentino-uomo-born-in-roma-purple-melancholia-100ml/
Valentino Uomo Born in Roma Eau De Toilette 100ml,Odorem Dz,Valentino uomo Born in Roma Extradose 100ml EDP,"28,500 DZD",28500,In Stock,https://odorem-dz.com/produit/valentino-uomo-born-in-roma-extradose-100ml-edp/
Valentino Uomo Born in Roma Eau De Toilette 100ml,Odorem Dz,Valentino uomo Born in Roma Extradose 100ml EDP,"28,500 DZD",28500,In Stock,https://odorem-dz.com/produit/valentino-uomo-born-in-roma-extradose-100ml-edp/
Valentino Uomo Born in Roma Eau De Toilette 100ml,Odorem Dz,Valentino Uomo Born In Roma Yellow Dream 100ml edp,"17,000 DZD",17000,In Stock,https://odorem-dz.com/produit/valentino-uomo-born-in-roma-yellow-dream-100ml-edp/
Valentino Uomo Born in Roma Eau De Toilette 100ml,Odorem Dz,Valentino Uomo Born In Roma Yellow Dream 100ml edp,"17,000 DZD",17000,In Stock,https://odorem-dz.com/produit/valentino-uomo-born-in-roma-yellow-dream-100ml-edp/
Valentino Uomo Born in Roma Eau De Toilette 100ml,Odorem Dz,Valentino Uomo Set Born in Roma Eau de Toilette 100ml + 10ml,"25,500 DZD",25500,In Stock,https://odorem-dz.com/produit/valentino-uomo-set-born-in-roma-eau-de-toilette-100ml-10ml/
Valentino Uomo Born in Roma Eau De Toilette 100ml,Odorem Dz,Valentino Uomo Set Born in Roma Eau de Toilette 100ml + 10ml,"25,500 DZD",25500,In Stock,https://odorem-dz.com/produit/valentino-uomo-set-born-in-roma-eau-de-toilette-100ml-10ml/
Valentino Uomo Born in Roma Eau De Toilette 100ml,Gallery Parfums Dz,VALENTINO UOMO INTENSE,"23,900 DZD",23900,In Stock,https://galleryparfums-dz.com/produit/valentino-uomo-intense/
Valentino Uomo Born in Roma Eau De Toilette 100ml,Gallery Parfums Dz,VALENTINO UOMO,"158,000,020,900,001,580,000,209 DZD",158000020900001580000209,In Stock,https://galleryparfums-dz.com/produit/valentino-uomo/
Tom Ford Ombre Leather EDP 50ML,Odorem Dz,Tom Ford ombré Leather parfum 100ml,"42,000 DZD",42000,In Stock,https://odorem-dz.com/produit/tom-ford-ombre-leather-parfum-100ml/
Tom Ford Ombre Leather EDP 50ML,Odorem Dz,Tom Ford ombré Leather parfum 100ml,"42,000 DZD",42000,In Stock,https://odorem-dz.com/produit/tom-ford-ombre-leather-parfum-100ml/
Tom Ford Ombre Leather EDP 50ML,Odorem Dz,Tom Ford ombré Leather 100ml edp,"34,500 DZD",34500,In Stock,https://odorem-dz.com/produit/tom-ford-ombre-leather-100ml-edp/
Tom Ford Ombre Leather EDP 50ML,Odorem Dz,Tom Ford ombré Leather 100ml edp,"34,500 DZD",34500,In Stock,https://odorem-dz.com/produit/tom-ford-ombre-leather-100ml-edp/
Tom Ford Ombre Leather EDP 50ML,Gallery Parfums Dz,FLEUR DE CHINE-TOM FORD-Eau de parfum,"58,500 DZD",58500,In Stock,https://galleryparfums-dz.com/produit/fleur-de-chine-tom-ford-eau-de-parfum/
The Dreamer Versace EDT 100ML,Smell Good Dz,Versace the Dreamer Edt 100ml,"13,500 DZD",13500,In Stock,https://smellgood-dz.com/products/versace-the-dreamer-edt-100ml
Xerjoff Erba Pura – Eau De Parfum 100ml,Smell Good Dz,Xerjoff Erba Pura (5ml),"2,900 DZD",2900,In Stock,https://smellgood-dz.com/products/xerjoff-erba-pura
Xerjoff Erba Pura – Eau De Parfum 100ml,Smell Good Dz,Xerjoff Erba Pura (10ml),"5,800 DZD",5800,In Stock,https://smellgood-dz.com/products/xerjoff-erba-pura
Xerjoff Erba Pura – Eau De Parfum 100ml,Smell Good Dz,Xerjoff Erba Pura (20ml),"11,600 DZD",11600,In Stock,https://smellgood-dz.com/products/xerjoff-erba-pura
Xerjoff Erba Pura – Eau De Parfum 100ml,Smell Good Dz,Xerjoff Erba Pura (30ml),"17,400 DZD",17400,In Stock,https://smellgood-dz.com/products/xerjoff-erba-pura
Xerjoff Erba Pura – Eau De Parfum 100ml,Smell Good Dz,Xerjoff Erba Pura Edp 100ml,"52,000 DZD",52000,In Stock,https://smellgood-dz.com/products/xerjoff-erba-gold-edp-100ml-copie
Xerjoff Erba Pura – Eau De Parfum 100ml,Odorem Dz,Deodorant xerjoff erba pura 100ml,"12,500 DZD",12500,In Stock,https://odorem-dz.com/produit/deodorant-xerjoff-erba-pura-100ml/
Xerjoff Erba Pura – Eau De Parfum 100ml,Odorem Dz,Deodorant xerjoff erba pura 100ml,"12,500 DZD",12500,In Stock,https://odorem-dz.com/produit/deodorant-xerjoff-erba-pura-100ml/
Xerjoff Erba Pura – Eau De Parfum 100ml,Odorem Dz,Xerjoff Erba Pura – Eau De Parfum 100ml,"50,000 DZD",50000,In Stock,https://odorem-dz.com/produit/xerjoff-erba-pura-eau-de-parfum-100ml/
Xerjoff Erba Pura – Eau De Parfum 100ml,Odorem Dz,Xerjoff Erba Pura – Eau De Parfum 100ml,"50,000 DZD",50000,In Stock,https://odorem-dz.com/produit/xerjoff-erba-pura-eau-de-parfum-100ml/
Wulóng Chá Nishane,Odorem Dz,Nishane Wulóng Chá 100ml,"44,000 DZD",44000,In Stock,https://odorem-dz.com/produit/nishane-wulong-cha-100ml-edp/
Wulóng Chá Nishane,Odorem Dz,Nishane Wulóng Chá 100ml,"44,000 DZD",44000,In Stock,https://odorem-dz.com/produit/nishane-wulong-cha-100ml-edp/
YVES SAINT LAURENT KOUROS EDT 100ML,Smell Good Dz,Yves Saint Laurent Kouros Edt 100ml,"20,000 DZD",20000,In Stock,https://smellgood-dz.com/products/yves-saint-laurent-kouros-edt-100ml
YVES SAINT LAURENT KOUROS EDT 100ML,Odorem Dz,Jazz Yves Saint Laurent 80ml,"19,500 DZD",19500,In Stock,https://odorem-dz.com/produit/jazz-yves-saint-laurent-80ml/
YVES SAINT LAURENT KOUROS EDT 100ML,Odorem Dz,Jazz Yves Saint Laurent 80ml,"19,500 DZD",19500,In Stock,https://odorem-dz.com/produit/jazz-yves-saint-laurent-80ml/
YVES SAINT LAURENT KOUROS EDT 100ML,Odorem Dz,Yvresse Yves Saint Laurent 80ml EDT,"27,000 DZD",27000,In Stock,https://odorem-dz.com/produit/yvresse-yves-saint-laurent-80ml-edt/
YVES SAINT LAURENT KOUROS EDT 100ML,Odorem Dz,Yvresse Yves Saint Laurent 80ml EDT,"27,000 DZD",27000,In Stock,https://odorem-dz.com/produit/yvresse-yves-saint-laurent-80ml-edt/
YVES SAINT LAURENT KOUROS EDT 100ML,Odorem Dz,L’Homme Yves Saint Laurent 100ml EDT,"20,000 DZD",20000,In Stock,https://odorem-dz.com/produit/lhomme-yves-saint-laurent-100ml-edt/
YVES SAINT LAURENT KOUROS EDT 100ML,Odorem Dz,L’Homme Yves Saint Laurent 100ml EDT,"20,000 DZD",20000,In Stock,https://odorem-dz.com/produit/lhomme-yves-saint-laurent-100ml-edt/
YVES SAINT LAURENT KOUROS EDT 100ML,Odorem Dz,Miniature Yves Saint Laurent MYSLF 10ml EDP,"5,200 DZD",5200,In Stock,https://odorem-dz.com/produit/miniature-yves-saint-laurent-myslf-10ml-edp/
YVES SAINT LAURENT KOUROS EDT 100ML,Odorem Dz,Miniature Yves Saint Laurent MYSLF 10ml EDP,"5,200 DZD",5200,In Stock,https://odorem-dz.com/produit/miniature-yves-saint-laurent-myslf-10ml-edp/
YVES SAINT LAURENT KOUROS EDT 100ML,Odorem Dz,Miniature Yves Saint Laurent Y 10ml EDP,"5,500 DZD",5500,In Stock,https://odorem-dz.com/produit/miniature-yves-saint-laurent-y-10ml-edp/
YVES SAINT LAURENT KOUROS EDT 100ML,Odorem Dz,Miniature Yves Saint Laurent Y 10ml EDP,"5,500 DZD",5500,In Stock,https://odorem-dz.com/produit/miniature-yves-saint-laurent-y-10ml-edp/
YVES SAINT LAURENT KOUROS EDT 100ML,Odorem Dz,Y Iced Cologne Yves Saint Laurent 100ml,"26,500 DZD",26500,In Stock,https://odorem-dz.com/produit/y-iced-cologne-yves-saint-laurent-100ml/
YVES SAINT LAURENT KOUROS EDT 100ML,Odorem Dz,Y Iced Cologne Yves Saint Laurent 100ml,"26,500 DZD",26500,In Stock,https://odorem-dz.com/produit/y-iced-cologne-yves-saint-laurent-100ml/
YVES SAINT LAURENT KOUROS EDT 100ML,Odorem Dz,Cinéma Yves Saint Laurent 90ml(Ancien patch),"39,000 DZD",39000,In Stock,https://odorem-dz.com/produit/cinema-yves-saint-laurent-90ml/
YVES SAINT LAURENT KOUROS EDT 100ML,Odorem Dz,Cinéma Yves Saint Laurent 90ml(Ancien patch),"39,000 DZD",39000,In Stock,https://odorem-dz.com/produit/cinema-yves-saint-laurent-90ml/
YVES SAINT LAURENT KOUROS EDT 100ML,Odorem Dz,Libre Flowers & Flames Yves Saint Laurent 90ml,"27,200 DZD",27200,In Stock,https://odorem-dz.com/produit/libre-flowers-flames-yves-saint-laurent-90ml/
YVES SAINT LAURENT KOUROS EDT 100ML,Odorem Dz,Libre Flowers & Flames Yves Saint Laurent 90ml,"27,200 DZD",27200,In Stock,https://odorem-dz.com/produit/libre-flowers-flames-yves-saint-laurent-90ml/
YVES SAINT LAURENT KOUROS EDT 100ML,Odorem Dz,MYSLF Eau de Parfum Yves Saint Laurent 150ml,"31,000 DZD",31000,In Stock,https://odorem-dz.com/produit/myslf-eau-de-parfum-yves-saint-laurent-150ml/
YVES SAINT LAURENT KOUROS EDT 100ML,Odorem Dz,MYSLF Eau de Parfum Yves Saint Laurent 150ml,"31,000 DZD",31000,In Stock,https://odorem-dz.com/produit/myslf-eau-de-parfum-yves-saint-laurent-150ml/
YVES SAINT LAURENT KOUROS EDT 100ML,Odorem Dz,Y Eau de Parfum 200ml Yves Saint Laurent,"34,800 DZD",34800,In Stock,https://odorem-dz.com/produit/y-eau-de-parfum-200ml-yves-saint-laurent/
YVES SAINT LAURENT KOUROS EDT 100ML,Odorem Dz,Y Eau de Parfum 200ml Yves Saint Laurent,"34,800 DZD",34800,In Stock,https://odorem-dz.com/produit/y-eau-de-parfum-200ml-yves-saint-laurent/
YVES SAINT LAURENT KOUROS EDT 100ML,Odorem Dz,37 rue de Bellechasse de Yves Saint Laurent 125ml,"63,000 DZD",63000,In Stock,https://odorem-dz.com/produit/37-rue-de-bellechasse-de-yves-saint-laurent-125ml/
YVES SAINT LAURENT KOUROS EDT 100ML,Odorem Dz,37 rue de Bellechasse de Yves Saint Laurent 125ml,"63,000 DZD",63000,In Stock,https://odorem-dz.com/produit/37-rue-de-bellechasse-de-yves-saint-laurent-125ml/
YVES SAINT LAURENT KOUROS EDT 100ML,Odorem Dz,Y Eau de Toilette Yves Saint Laurent 100ml,"19,800 DZD",19800,In Stock,https://odorem-dz.com/produit/y-eau-de-toilette-yves-saint-laurent-100ml/
YVES SAINT LAURENT KOUROS EDT 100ML,Odorem Dz,Y Eau de Toilette Yves Saint Laurent 100ml,"19,800 DZD",19800,In Stock,https://odorem-dz.com/produit/y-eau-de-toilette-yves-saint-laurent-100ml/
YVES SAINT LAURENT KOUROS EDT 100ML,Odorem Dz,Supreme Bouquet Yves Saint Laurent 75ml EDP,"63,000 DZD",63000,In Stock,https://odorem-dz.com/produit/supreme-bouquet-yves-saint-laurent-75ml-edp/
YVES SAINT LAURENT KOUROS EDT 100ML,Odorem Dz,Supreme Bouquet Yves Saint Laurent 75ml EDP,"63,000 DZD",63000,In Stock,https://odorem-dz.com/produit/supreme-bouquet-yves-saint-laurent-75ml-edp/
YVES SAINT LAURENT KOUROS EDT 100ML,Odorem Dz,Y Elixir Yves Saint Laurent 60ml,"26,000 DZD",26000,In Stock,https://odorem-dz.com/produit/y-elixir-yves-saint-laurent-60ml/
YVES SAINT LAURENT KOUROS EDT 100ML,Odorem Dz,Y Elixir Yves Saint Laurent 60ml,"26,000 DZD",26000,In Stock,https://odorem-dz.com/produit/y-elixir-yves-saint-laurent-60ml/
YVES SAINT LAURENT KOUROS EDT 100ML,Odorem Dz,elle Yves saint Laurent 90ml EDP,"24,600 DZD",24600,In Stock,https://odorem-dz.com/produit/elle-yves-saint-laurent-90ml-edp/
YVES SAINT LAURENT KOUROS EDT 100ML,Odorem Dz,elle Yves saint Laurent 90ml EDP,"24,600 DZD",24600,In Stock,https://odorem-dz.com/produit/elle-yves-saint-laurent-90ml-edp/
YVES SAINT LAURENT KOUROS EDT 100ML,Odorem Dz,M7 Yves saint Laurent 80ml edt,"28,000 DZD",28000,In Stock,https://odorem-dz.com/produit/m7-yves-saint-laurent-80ml-edt/
YVES SAINT LAURENT KOUROS EDT 100ML,Odorem Dz,M7 Yves saint Laurent 80ml edt,"28,000 DZD",28000,In Stock,https://odorem-dz.com/produit/m7-yves-saint-laurent-80ml-edt/
YVES SAINT LAURENT KOUROS EDT 100ML,Odorem Dz,Lavalliere Yves saint Laurent 125ml EDP,"59,000 DZD",59000,In Stock,https://odorem-dz.com/produit/lavalliere-yves-saint-laurent-125ml-edp/
YVES SAINT LAURENT KOUROS EDT 100ML,Odorem Dz,Lavalliere Yves saint Laurent 125ml EDP,"59,000 DZD",59000,In Stock,https://odorem-dz.com/produit/lavalliere-yves-saint-laurent-125ml-edp/
YVES SAINT LAURENT KOUROS EDT 100ML,Odorem Dz,MYSLF Yves Saint Laurent 100ml edp,"25,000 DZD",25000,In Stock,https://odorem-dz.com/produit/myslf-yves-saint-laurent-100ml-edp/
YVES SAINT LAURENT KOUROS EDT 100ML,Odorem Dz,MYSLF Yves Saint Laurent 100ml edp,"25,000 DZD",25000,In Stock,https://odorem-dz.com/produit/myslf-yves-saint-laurent-100ml-edp/
YVES SAINT LAURENT KOUROS EDT 100ML,Odorem Dz,Coffret Y yves saint Laurent homme EDP 100 ml+10ml mini,"26,500 DZD",26500,In Stock,https://odorem-dz.com/produit/y-coffret-homme-edp-100-ml10ml-mini/
YVES SAINT LAURENT KOUROS EDT 100ML,Odorem Dz,Coffret Y yves saint Laurent homme EDP 100 ml+10ml mini,"26,500 DZD",26500,In Stock,https://odorem-dz.com/produit/y-coffret-homme-edp-100-ml10ml-mini/
YVES SAINT LAURENT KOUROS EDT 100ML,Odorem Dz,Coffret Y yves EDP saint Laurent 3pcs,"28,500 DZD",28500,In Stock,https://odorem-dz.com/produit/coffret-y-yves-saint-laurent-3pcs/
YVES SAINT LAURENT KOUROS EDT 100ML,Odorem Dz,Coffret Y yves EDP saint Laurent 3pcs,"28,500 DZD",28500,In Stock,https://odorem-dz.com/produit/coffret-y-yves-saint-laurent-3pcs/
YVES SAINT LAURENT KOUROS EDT 100ML,Gallery Parfums Dz,Y YVES SAINT LAURENT,"25,800 DZD",25800,In Stock,https://galleryparfums-dz.com/produit/y-yves-saint-laurent-2/
YVES SAINT LAURENT KOUROS EDT 100ML,Gallery Parfums Dz,Y YVES SAINT LAURENT,"204,000,026,900,002,040,000,269 DZD",204000026900002040000269,In Stock,https://galleryparfums-dz.com/produit/y-yves-saint-laurent/
YVES SAINT LAURENT L'HOMME EDT 100ML,Smell Good Dz,Yves Saint Laurent Libre (10ml),"3,400 DZD",3400,In Stock,https://smellgood-dz.com/products/yves-saint-laurent-libre-1
YVES SAINT LAURENT L'HOMME EDT 100ML,Smell Good Dz,Yves Saint Laurent Libre (20ml),"6,800 DZD",6800,In Stock,https://smellgood-dz.com/products/yves-saint-laurent-libre-1
YVES SAINT LAURENT L'HOMME EDT 100ML,Smell Good Dz,Yves Saint Laurent Libre (30ml),"10,200 DZD",10200,In Stock,https://smellgood-dz.com/products/yves-saint-laurent-libre-1
YVES SAINT LAURENT L'HOMME EDT 100ML,Smell Good Dz,Yves Saint Laurent Libre (40ml),"13,600 DZD",13600,In Stock,https://smellgood-dz.com/products/yves-saint-laurent-libre-1
YVES SAINT LAURENT L'HOMME EDT 100ML,Smell Good Dz,Yves Saint Laurent Libre (50ml),"17,000 DZD",17000,In Stock,https://smellgood-dz.com/products/yves-saint-laurent-libre-1
YVES SAINT LAURENT L'HOMME EDT 100ML,Smell Good Dz,Yves Saint Laurent MYSLF (10ml),"2,900 DZD",2900,In Stock,https://smellgood-dz.com/products/yves-saint-laurent-myslf
YVES SAINT LAURENT L'HOMME EDT 100ML,Smell Good Dz,Yves Saint Laurent MYSLF (20ml),"5,800 DZD",5800,In Stock,https://smellgood-dz.com/products/yves-saint-laurent-myslf
YVES SAINT LAURENT L'HOMME EDT 100ML,Smell Good Dz,Yves Saint Laurent MYSLF (30ml),"8,700 DZD",8700,In Stock,https://smellgood-dz.com/products/yves-saint-laurent-myslf
YVES SAINT LAURENT L'HOMME EDT 100ML,Smell Good Dz,Yves Saint Laurent Y (10ml),"2,700 DZD",2700,In Stock,https://smellgood-dz.com/products/yves-saint-laurent-y-4
YVES SAINT LAURENT L'HOMME EDT 100ML,Smell Good Dz,Yves Saint Laurent Y (20ml),"5,400 DZD",5400,In Stock,https://smellgood-dz.com/products/yves-saint-laurent-y-4
YVES SAINT LAURENT L'HOMME EDT 100ML,Smell Good Dz,Yves Saint Laurent Y (30ml),"8,100 DZD",8100,In Stock,https://smellgood-dz.com/products/yves-saint-laurent-y-4
YVES SAINT LAURENT L'HOMME EDT 100ML,Smell Good Dz,Yves Saint Laurent Black Opium (10ml),"2,500 DZD",2500,In Stock,https://smellgood-dz.com/products/yves-saint-laurent-black-opium-2
YVES SAINT LAURENT L'HOMME EDT 100ML,Smell Good Dz,Yves Saint Laurent Black Opium (20ml),"5,000 DZD",5000,In Stock,https://smellgood-dz.com/products/yves-saint-laurent-black-opium-2
YVES SAINT LAURENT L'HOMME EDT 100ML,Smell Good Dz,Yves Saint Laurent Black Opium (30ml),"7,500 DZD",7500,In Stock,https://smellgood-dz.com/products/yves-saint-laurent-black-opium-2
YVES SAINT LAURENT L'HOMME EDT 100ML,Smell Good Dz,Yves Saint Laurent Black Opium (40ml),"10,000 DZD",10000,In Stock,https://smellgood-dz.com/products/yves-saint-laurent-black-opium-2
YVES SAINT LAURENT L'HOMME EDT 100ML,Smell Good Dz,Yves Saint Laurent Black Opium (50ml),"12,500 DZD",12500,In Stock,https://smellgood-dz.com/products/yves-saint-laurent-black-opium-2
YVES SAINT LAURENT L'HOMME EDT 100ML,Smell Good Dz,Yves Saint Laurent Black Opium,"19,000 DZD",19000,Out of Stock,https://smellgood-dz.com/products/yves-saint-laurent-black-opium-1
YVES SAINT LAURENT L'HOMME EDT 100ML,Smell Good Dz,Yves Saint Laurent Y,"7,000 DZD",7000,In Stock,https://smellgood-dz.com/products/yves-saint-laurent-y-3
YVES SAINT LAURENT L'HOMME EDT 100ML,Smell Good Dz,Yves Saint Laurent Y le Parfum,"31,000 DZD",31000,In Stock,https://smellgood-dz.com/products/yves-saint-laurent-y-le-parfum
YVES SAINT LAURENT L'HOMME EDT 100ML,Smell Good Dz,Yves Saint Laurent Y Edt 100ml,"21,000 DZD",21000,In Stock,https://smellgood-dz.com/products/yves-saint-laurent-y-edt-100ml
YVES SAINT LAURENT L'HOMME EDT 100ML,Smell Good Dz,Yves Saint Laurent Y le Parfum 60ml / 100ml (60ml),"24,500 DZD",24500,In Stock,https://smellgood-dz.com/products/yves-saint-laurent-y-le-parfum-60ml-100ml
YVES SAINT LAURENT L'HOMME EDT 100ML,Smell Good Dz,Yves Saint Laurent Y le Parfum 60ml / 100ml (100ml),"28,500 DZD",28500,In Stock,https://smellgood-dz.com/products/yves-saint-laurent-y-le-parfum-60ml-100ml
YVES SAINT LAURENT L'HOMME EDT 100ML,Smell Good Dz,Yves Saint Laurent Y Intense 60ml / 100ml (60ml),"23,500 DZD",23500,In Stock,https://smellgood-dz.com/products/yves-saint-laurent-y-intense-60ml-100ml
YVES SAINT LAURENT L'HOMME EDT 100ML,Smell Good Dz,Yves Saint Laurent Y Intense 60ml / 100ml (100ml),"27,000 DZD",27000,In Stock,https://smellgood-dz.com/products/yves-saint-laurent-y-intense-60ml-100ml
YVES SAINT LAURENT L'HOMME EDT 100ML,Smell Good Dz,Yves Saint Laurent Y Edp 100ml / 200ml (100ml),"25,500 DZD",25500,In Stock,https://smellgood-dz.com/products/yves-saint-laurent-y-edp-100ml-200ml
YVES SAINT LAURENT L'HOMME EDT 100ML,Smell Good Dz,Yves Saint Laurent Y Edp 100ml / 200ml (200ml),"35,000 DZD",35000,In Stock,https://smellgood-dz.com/products/yves-saint-laurent-y-edp-100ml-200ml
YVES SAINT LAURENT L'HOMME EDT 100ML,Smell Good Dz,Yves Saint Laurent Y,"30,000 DZD",30000,In Stock,https://smellgood-dz.com/products/yves-saint-laurent-y-2
YVES SAINT LAURENT L'HOMME EDT 100ML,Smell Good Dz,Yves Saint Laurent Y,"28,000 DZD",28000,In Stock,https://smellgood-dz.com/products/yves-saint-laurent-y-1
YVES SAINT LAURENT L'HOMME EDT 100ML,Smell Good Dz,Yves Saint Laurent Y,"30,000 DZD",30000,In Stock,https://smellgood-dz.com/products/yves-saint-laurent-y
YVES SAINT LAURENT L'HOMME EDT 100ML,Smell Good Dz,Yves Saint Laurent Tuxedo Edp 125ml,"66,000 DZD",66000,In Stock,https://smellgood-dz.com/products/yves-saint-laurent-tuxedo-edp-125ml
YVES SAINT LAURENT L'HOMME EDT 100ML,Smell Good Dz,Yves Saint Laurent Parisienne Edp 90ml,"23,500 DZD",23500,Out of Stock,https://smellgood-dz.com/products/yves-saint-laurent-parisienne-edp-90ml
YVES SAINT LAURENT L'HOMME EDT 100ML,Smell Good Dz,Yves Saint Laurent Pack Miniatures,"14,000 DZD",14000,Out of Stock,https://smellgood-dz.com/products/yves-saint-laurent-pack-miniatures
YVES SAINT LAURENT L'HOMME EDT 100ML,Smell Good Dz,Yves Saint Laurent MYSLF Edp 60ml / 100ml (60ml),"21,500 DZD",21500,In Stock,https://smellgood-dz.com/products/yves-saint-laurent-my-self-edp-60ml-100ml
YVES SAINT LAURENT L'HOMME EDT 100ML,Smell Good Dz,Yves Saint Laurent MYSLF Edp 60ml / 100ml (100ml),"26,000 DZD",26000,In Stock,https://smellgood-dz.com/products/yves-saint-laurent-my-self-edp-60ml-100ml
YVES SAINT LAURENT L'HOMME EDT 100ML,Smell Good Dz,Yves Saint Laurent Mon Paris Edp 90ml,"28,000 DZD",28000,In Stock,https://smellgood-dz.com/products/yves-saint-laurent-mon-paris-edp-90ml
YVES SAINT LAURENT L'HOMME EDT 100ML,Smell Good Dz,Yves Saint Laurent Mon Paris,"26,500 DZD",26500,In Stock,https://smellgood-dz.com/products/yves-saint-laurent-mon-paris
YVES SAINT LAURENT L'HOMME EDT 100ML,Smell Good Dz,Yves Saint Laurent Libre le Parfum 50ml / 90ml (50ml),"27,500 DZD",27500,In Stock,https://smellgood-dz.com/products/yves-saint-laurent-libre-le-parfum-50ml-90ml
YVES SAINT LAURENT L'HOMME EDT 100ML,Smell Good Dz,Yves Saint Laurent Libre le Parfum 50ml / 90ml (90ml),"32,000 DZD",32000,In Stock,https://smellgood-dz.com/products/yves-saint-laurent-libre-le-parfum-50ml-90ml
YVES SAINT LAURENT L'HOMME EDT 100ML,Smell Good Dz,Yves Saint Laurent Libre Intense 50ml / 90ml (50ml),"25,000 DZD",25000,In Stock,https://smellgood-dz.com/products/yves-saint-laurent-libre-intense-50ml-90ml
YVES SAINT LAURENT L'HOMME EDT 100ML,Smell Good Dz,Yves Saint Laurent Libre Intense 50ml / 90ml (90ml),"29,500 DZD",29500,In Stock,https://smellgood-dz.com/products/yves-saint-laurent-libre-intense-50ml-90ml
YVES SAINT LAURENT L'HOMME EDT 100ML,Smell Good Dz,Yves Saint Laurent Libre Edp 50ml / 90ml / 150ml (50ml),"23,500 DZD",23500,In Stock,https://smellgood-dz.com/products/yves-saint-laurent-libre-edp-50ml-90ml-150ml
YVES SAINT LAURENT L'HOMME EDT 100ML,Smell Good Dz,Yves Saint Laurent Libre Edp 50ml / 90ml / 150ml (90ml),"28,000 DZD",28000,In Stock,https://smellgood-dz.com/products/yves-saint-laurent-libre-edp-50ml-90ml-150ml
YVES SAINT LAURENT L'HOMME EDT 100ML,Smell Good Dz,Yves Saint Laurent Libre Edp 50ml / 90ml / 150ml (150ml),"35,000 DZD",35000,In Stock,https://smellgood-dz.com/products/yves-saint-laurent-libre-edp-50ml-90ml-150ml
YVES SAINT LAURENT L'HOMME EDT 100ML,Smell Good Dz,Yves Saint Laurent Libre,"25,000 DZD",25000,In Stock,https://smellgood-dz.com/products/yves-saint-laurent-libre
YVES SAINT LAURENT L'HOMME EDT 100ML,Smell Good Dz,Yves Saint Laurent l'Homme Sport Edt 100ml,"18,000 DZD",18000,Out of Stock,https://smellgood-dz.com/products/yves-saint-laurent-lhomme-sport-edt-100ml
YVES SAINT LAURENT L'HOMME EDT 100ML,Smell Good Dz,Yves Saint Laurent l'Homme l'intense Edp 100ml,"22,000 DZD",22000,Out of Stock,https://smellgood-dz.com/products/yves-saint-laurent-lhomme-lintense-edp-100ml
YVES SAINT LAURENT L'HOMME EDT 100ML,Smell Good Dz,Yves Saint Laurent l'Homme Edt 100ml,"20,500 DZD",20500,In Stock,https://smellgood-dz.com/products/yves-saint-laurent-lhomme-edt-100ml
YVES SAINT LAURENT L'HOMME EDT 100ML,Smell Good Dz,Yves Saint Laurent la Nuit de l'Homme le Parfum 60ml / 100ml (60ml),"21,500 DZD",21500,In Stock,https://smellgood-dz.com/products/yves-saint-laurent-la-nuit-de-lhomme-le-parfum-60ml-100ml
YVES SAINT LAURENT L'HOMME EDT 100ML,Smell Good Dz,Yves Saint Laurent la Nuit de l'Homme le Parfum 60ml / 100ml (100ml),"26,000 DZD",26000,In Stock,https://smellgood-dz.com/products/yves-saint-laurent-la-nuit-de-lhomme-le-parfum-60ml-100ml
YVES SAINT LAURENT L'HOMME EDT 100ML,Smell Good Dz,Yves Saint Laurent la Nuit de l'Homme Edt 60ml / 100ml (60ml),"17,500 DZD",17500,In Stock,https://smellgood-dz.com/products/yves-saint-laurent-la-nuit-de-lhomme-edt-60ml-100ml
YVES SAINT LAURENT L'HOMME EDT 100ML,Smell Good Dz,Yves Saint Laurent la Nuit de l'Homme Edt 60ml / 100ml (100ml),"21,500 DZD",21500,In Stock,https://smellgood-dz.com/products/yves-saint-laurent-la-nuit-de-lhomme-edt-60ml-100ml
YVES SAINT LAURENT L'HOMME EDT 100ML,Smell Good Dz,Yves Saint Laurent la Nuit de l'Homme,"25,000 DZD",25000,Out of Stock,https://smellgood-dz.com/products/yves-saint-laurent-la-nuit-de-lhomme
YVES SAINT LAURENT L'HOMME EDT 100ML,Smell Good Dz,Yves Saint Laurent la Nuit de l'Homme Bleu Electrique 100ml,"22,000 DZD",22000,Out of Stock,https://smellgood-dz.com/products/yves-saint-laurent-la-nuit-de-lhomme-bleu-electrique-100ml
YVES SAINT LAURENT L'HOMME EDT 100ML,Smell Good Dz,Yves Saint Laurent Kouros Edt 100ml,"20,000 DZD",20000,In Stock,https://smellgood-dz.com/products/yves-saint-laurent-kouros-edt-100ml
YVES SAINT LAURENT L'HOMME EDT 100ML,Smell Good Dz,Yves Saint Laurent Elle Edp 90ml,"27,000 DZD",27000,In Stock,https://smellgood-dz.com/products/yves-saint-laurent-elle-edp-90ml
YVES SAINT LAURENT L'HOMME EDT 100ML,Smell Good Dz,Yves Saint Laurent Cinéma Edp 90ml,"28,000 DZD",28000,Out of Stock,https://smellgood-dz.com/products/yves-saint-laurent-cinema-edp-90ml
YVES SAINT LAURENT L'HOMME EDT 100ML,Smell Good Dz,Yves Saint Laurent Cinéma Edp 80ml (New),"25,000 DZD",25000,In Stock,https://smellgood-dz.com/products/yves-saint-laurent-cinema-edp-80ml-new
YVES SAINT LAURENT L'HOMME EDT 100ML,Smell Good Dz,Yves Saint Laurent Black Opium Edp 50ml / 90ml (50ml),"18,000 DZD",18000,In Stock,https://smellgood-dz.com/products/yves-saint-laurent-black-opium-edp-90ml
YVES SAINT LAURENT L'HOMME EDT 100ML,Smell Good Dz,Yves Saint Laurent Black Opium Edp 50ml / 90ml (90ml),"22,000 DZD",22000,In Stock,https://smellgood-dz.com/products/yves-saint-laurent-black-opium-edp-90ml
YVES SAINT LAURENT L'HOMME EDT 100ML,Smell Good Dz,Yves Saint Laurent Black Opium,"22,500 DZD",22500,Out of Stock,https://smellgood-dz.com/products/yves-saint-laurent-black-opium
YVES SAINT LAURENT L'HOMME EDT 100ML,Odorem Dz,Jazz Yves Saint Laurent 80ml,"19,500 DZD",19500,In Stock,https://odorem-dz.com/produit/jazz-yves-saint-laurent-80ml/
YVES SAINT LAURENT L'HOMME EDT 100ML,Odorem Dz,Jazz Yves Saint Laurent 80ml,"19,500 DZD",19500,In Stock,https://odorem-dz.com/produit/jazz-yves-saint-laurent-80ml/
YVES SAINT LAURENT L'HOMME EDT 100ML,Odorem Dz,Yvresse Yves Saint Laurent 80ml EDT,"27,000 DZD",27000,In Stock,https://odorem-dz.com/produit/yvresse-yves-saint-laurent-80ml-edt/
YVES SAINT LAURENT L'HOMME EDT 100ML,Odorem Dz,Yvresse Yves Saint Laurent 80ml EDT,"27,000 DZD",27000,In Stock,https://odorem-dz.com/produit/yvresse-yves-saint-laurent-80ml-edt/
YVES SAINT LAURENT L'HOMME EDT 100ML,Odorem Dz,L’Homme Yves Saint Laurent 100ml EDT,"20,000 DZD",20000,In Stock,https://odorem-dz.com/produit/lhomme-yves-saint-laurent-100ml-edt/
YVES SAINT LAURENT L'HOMME EDT 100ML,Odorem Dz,L’Homme Yves Saint Laurent 100ml EDT,"20,000 DZD",20000,In Stock,https://odorem-dz.com/produit/lhomme-yves-saint-laurent-100ml-edt/
YVES SAINT LAURENT L'HOMME EDT 100ML,Odorem Dz,Miniature Yves Saint Laurent MYSLF 10ml EDP,"5,200 DZD",5200,In Stock,https://odorem-dz.com/produit/miniature-yves-saint-laurent-myslf-10ml-edp/
YVES SAINT LAURENT L'HOMME EDT 100ML,Odorem Dz,Miniature Yves Saint Laurent MYSLF 10ml EDP,"5,200 DZD",5200,In Stock,https://odorem-dz.com/produit/miniature-yves-saint-laurent-myslf-10ml-edp/
YVES SAINT LAURENT L'HOMME EDT 100ML,Odorem Dz,Miniature Yves Saint Laurent Y 10ml EDP,"5,500 DZD",5500,In Stock,https://odorem-dz.com/produit/miniature-yves-saint-laurent-y-10ml-edp/
YVES SAINT LAURENT L'HOMME EDT 100ML,Odorem Dz,Miniature Yves Saint Laurent Y 10ml EDP,"5,500 DZD",5500,In Stock,https://odorem-dz.com/produit/miniature-yves-saint-laurent-y-10ml-edp/
YVES SAINT LAURENT L'HOMME EDT 100ML,Odorem Dz,Y Iced Cologne Yves Saint Laurent 100ml,"26,500 DZD",26500,In Stock,https://odorem-dz.com/produit/y-iced-cologne-yves-saint-laurent-100ml/
YVES SAINT LAURENT L'HOMME EDT 100ML,Odorem Dz,Y Iced Cologne Yves Saint Laurent 100ml,"26,500 DZD",26500,In Stock,https://odorem-dz.com/produit/y-iced-cologne-yves-saint-laurent-100ml/
YVES SAINT LAURENT L'HOMME EDT 100ML,Odorem Dz,Cinéma Yves Saint Laurent 90ml(Ancien patch),"39,000 DZD",39000,In Stock,https://odorem-dz.com/produit/cinema-yves-saint-laurent-90ml/
YVES SAINT LAURENT L'HOMME EDT 100ML,Odorem Dz,Cinéma Yves Saint Laurent 90ml(Ancien patch),"39,000 DZD",39000,In Stock,https://odorem-dz.com/produit/cinema-yves-saint-laurent-90ml/
YVES SAINT LAURENT L'HOMME EDT 100ML,Odorem Dz,Libre Flowers & Flames Yves Saint Laurent 90ml,"27,200 DZD",27200,In Stock,https://odorem-dz.com/produit/libre-flowers-flames-yves-saint-laurent-90ml/
YVES SAINT LAURENT L'HOMME EDT 100ML,Odorem Dz,Libre Flowers & Flames Yves Saint Laurent 90ml,"27,200 DZD",27200,In Stock,https://odorem-dz.com/produit/libre-flowers-flames-yves-saint-laurent-90ml/
YVES SAINT LAURENT L'HOMME EDT 100ML,Odorem Dz,MYSLF Eau de Parfum Yves Saint Laurent 150ml,"31,000 DZD",31000,In Stock,https://odorem-dz.com/produit/myslf-eau-de-parfum-yves-saint-laurent-150ml/
YVES SAINT LAURENT L'HOMME EDT 100ML,Odorem Dz,MYSLF Eau de Parfum Yves Saint Laurent 150ml,"31,000 DZD",31000,In Stock,https://odorem-dz.com/produit/myslf-eau-de-parfum-yves-saint-laurent-150ml/
YVES SAINT LAURENT L'HOMME EDT 100ML,Odorem Dz,Y Eau de Parfum 200ml Yves Saint Laurent,"34,800 DZD",34800,In Stock,https://odorem-dz.com/produit/y-eau-de-parfum-200ml-yves-saint-laurent/
YVES SAINT LAURENT L'HOMME EDT 100ML,Odorem Dz,Y Eau de Parfum 200ml Yves Saint Laurent,"34,800 DZD",34800,In Stock,https://odorem-dz.com/produit/y-eau-de-parfum-200ml-yves-saint-laurent/
YVES SAINT LAURENT L'HOMME EDT 100ML,Odorem Dz,37 rue de Bellechasse de Yves Saint Laurent 125ml,"63,000 DZD",63000,In Stock,https://odorem-dz.com/produit/37-rue-de-bellechasse-de-yves-saint-laurent-125ml/
YVES SAINT LAURENT L'HOMME EDT 100ML,Odorem Dz,37 rue de Bellechasse de Yves Saint Laurent 125ml,"63,000 DZD",63000,In Stock,https://odorem-dz.com/produit/37-rue-de-bellechasse-de-yves-saint-laurent-125ml/
YVES SAINT LAURENT L'HOMME EDT 100ML,Odorem Dz,Y Eau de Toilette Yves Saint Laurent 100ml,"19,800 DZD",19800,In Stock,https://odorem-dz.com/produit/y-eau-de-toilette-yves-saint-laurent-100ml/
YVES SAINT LAURENT L'HOMME EDT 100ML,Odorem Dz,Y Eau de Toilette Yves Saint Laurent 100ml,"19,800 DZD",19800,In Stock,https://odorem-dz.com/produit/y-eau-de-toilette-yves-saint-laurent-100ml/
YVES SAINT LAURENT L'HOMME EDT 100ML,Odorem Dz,Supreme Bouquet Yves Saint Laurent 75ml EDP,"63,000 DZD",63000,In Stock,https://odorem-dz.com/produit/supreme-bouquet-yves-saint-laurent-75ml-edp/
YVES SAINT LAURENT L'HOMME EDT 100ML,Odorem Dz,Supreme Bouquet Yves Saint Laurent 75ml EDP,"63,000 DZD",63000,In Stock,https://odorem-dz.com/produit/supreme-bouquet-yves-saint-laurent-75ml-edp/
YVES SAINT LAURENT L'HOMME EDT 100ML,Odorem Dz,Y Elixir Yves Saint Laurent 60ml,"26,000 DZD",26000,In Stock,https://odorem-dz.com/produit/y-elixir-yves-saint-laurent-60ml/
YVES SAINT LAURENT L'HOMME EDT 100ML,Odorem Dz,Y Elixir Yves Saint Laurent 60ml,"26,000 DZD",26000,In Stock,https://odorem-dz.com/produit/y-elixir-yves-saint-laurent-60ml/
YVES SAINT LAURENT L'HOMME EDT 100ML,Odorem Dz,elle Yves saint Laurent 90ml EDP,"24,600 DZD",24600,In Stock,https://odorem-dz.com/produit/elle-yves-saint-laurent-90ml-edp/
YVES SAINT LAURENT L'HOMME EDT 100ML,Odorem Dz,elle Yves saint Laurent 90ml EDP,"24,600 DZD",24600,In Stock,https://odorem-dz.com/produit/elle-yves-saint-laurent-90ml-edp/
YVES SAINT LAURENT L'HOMME EDT 100ML,Odorem Dz,M7 Yves saint Laurent 80ml edt,"28,000 DZD",28000,In Stock,https://odorem-dz.com/produit/m7-yves-saint-laurent-80ml-edt/
YVES SAINT LAURENT L'HOMME EDT 100ML,Odorem Dz,M7 Yves saint Laurent 80ml edt,"28,000 DZD",28000,In Stock,https://odorem-dz.com/produit/m7-yves-saint-laurent-80ml-edt/
YVES SAINT LAURENT L'HOMME EDT 100ML,Odorem Dz,Lavalliere Yves saint Laurent 125ml EDP,"59,000 DZD",59000,In Stock,https://odorem-dz.com/produit/lavalliere-yves-saint-laurent-125ml-edp/
YVES SAINT LAURENT L'HOMME EDT 100ML,Odorem Dz,Lavalliere Yves saint Laurent 125ml EDP,"59,000 DZD",59000,In Stock,https://odorem-dz.com/produit/lavalliere-yves-saint-laurent-125ml-edp/
YVES SAINT LAURENT L'HOMME EDT 100ML,Odorem Dz,MYSLF Yves Saint Laurent 100ml edp,"25,000 DZD",25000,In Stock,https://odorem-dz.com/produit/myslf-yves-saint-laurent-100ml-edp/
YVES SAINT LAURENT L'HOMME EDT 100ML,Odorem Dz,MYSLF Yves Saint Laurent 100ml edp,"25,000 DZD",25000,In Stock,https://odorem-dz.com/produit/myslf-yves-saint-laurent-100ml-edp/
YVES SAINT LAURENT L'HOMME EDT 100ML,Odorem Dz,Coffret Y yves saint Laurent homme EDP 100 ml+10ml mini,"26,500 DZD",26500,In Stock,https://odorem-dz.com/produit/y-coffret-homme-edp-100-ml10ml-mini/
YVES SAINT LAURENT L'HOMME EDT 100ML,Odorem Dz,Coffret Y yves saint Laurent homme EDP 100 ml+10ml mini,"26,500 DZD",26500,In Stock,https://odorem-dz.com/produit/y-coffret-homme-edp-100-ml10ml-mini/
YVES SAINT LAURENT L'HOMME EDT 100ML,Odorem Dz,Coffret Y yves EDP saint Laurent 3pcs,"28,500 DZD",28500,In Stock,https://odorem-dz.com/produit/coffret-y-yves-saint-laurent-3pcs/
YVES SAINT LAURENT L'HOMME EDT 100ML,Odorem Dz,Coffret Y yves EDP saint Laurent 3pcs,"28,500 DZD",28500,In Stock,https://odorem-dz.com/produit/coffret-y-yves-saint-laurent-3pcs/
YVES SAINT LAURENT L'HOMME EDT 100ML,Gallery Parfums Dz,Y YVES SAINT LAURENT,"25,800 DZD",25800,In Stock,https://galleryparfums-dz.com/produit/y-yves-saint-laurent-2/
YVES SAINT LAURENT L'HOMME EDT 100ML,Gallery Parfums Dz,Y YVES SAINT LAURENT,"204,000,026,900,002,040,000,269 DZD",204000026900002040000269,In Stock,https://galleryparfums-dz.com/produit/y-yves-saint-laurent/
YVES SAINT LAURENT LA NUIT DE L'HOMME EDT 100ML,Smell Good Dz,Yves Saint Laurent la Nuit de l'Homme le Parfum 60ml / 100ml (60ml),"21,500 DZD",21500,In Stock,https://smellgood-dz.com/products/yves-saint-laurent-la-nuit-de-lhomme-le-parfum-60ml-100ml
YVES SAINT LAURENT LA NUIT DE L'HOMME EDT 100ML,Smell Good Dz,Yves Saint Laurent la Nuit de l'Homme le Parfum 60ml / 100ml (100ml),"26,000 DZD",26000,In Stock,https://smellgood-dz.com/products/yves-saint-laurent-la-nuit-de-lhomme-le-parfum-60ml-100ml
YVES SAINT LAURENT LA NUIT DE L'HOMME EDT 100ML,Smell Good Dz,Yves Saint Laurent la Nuit de l'Homme Edt 60ml / 100ml (60ml),"17,500 DZD",17500,In Stock,https://smellgood-dz.com/products/yves-saint-laurent-la-nuit-de-lhomme-edt-60ml-100ml
YVES SAINT LAURENT LA NUIT DE L'HOMME EDT 100ML,Smell Good Dz,Yves Saint Laurent la Nuit de l'Homme Edt 60ml / 100ml (100ml),"21,500 DZD",21500,In Stock,https://smellgood-dz.com/products/yves-saint-laurent-la-nuit-de-lhomme-edt-60ml-100ml
YVES SAINT LAURENT LA NUIT DE L'HOMME EDT 100ML,Smell Good Dz,Yves Saint Laurent la Nuit de l'Homme,"25,000 DZD",25000,Out of Stock,https://smellgood-dz.com/products/yves-saint-laurent-la-nuit-de-lhomme
YVES SAINT LAURENT LA NUIT DE L'HOMME EDT 100ML,Smell Good Dz,Yves Saint Laurent la Nuit de l'Homme Bleu Electrique 100ml,"22,000 DZD",22000,Out of Stock,https://smellgood-dz.com/products/yves-saint-laurent-la-nuit-de-lhomme-bleu-electrique-100ml
YVES SAINT LAURENT LA NUIT DE L'HOMME EDT 100ML,Odorem Dz,Jazz Yves Saint Laurent 80ml,"19,500 DZD",19500,In Stock,https://odorem-dz.com/produit/jazz-yves-saint-laurent-80ml/
YVES SAINT LAURENT LA NUIT DE L'HOMME EDT 100ML,Odorem Dz,Jazz Yves Saint Laurent 80ml,"19,500 DZD",19500,In Stock,https://odorem-dz.com/produit/jazz-yves-saint-laurent-80ml/
YVES SAINT LAURENT LA NUIT DE L'HOMME EDT 100ML,Odorem Dz,Yvresse Yves Saint Laurent 80ml EDT,"27,000 DZD",27000,In Stock,https://odorem-dz.com/produit/yvresse-yves-saint-laurent-80ml-edt/
YVES SAINT LAURENT LA NUIT DE L'HOMME EDT 100ML,Odorem Dz,Yvresse Yves Saint Laurent 80ml EDT,"27,000 DZD",27000,In Stock,https://odorem-dz.com/produit/yvresse-yves-saint-laurent-80ml-edt/
YVES SAINT LAURENT LA NUIT DE L'HOMME EDT 100ML,Odorem Dz,L’Homme Yves Saint Laurent 100ml EDT,"20,000 DZD",20000,In Stock,https://odorem-dz.com/produit/lhomme-yves-saint-laurent-100ml-edt/
YVES SAINT LAURENT LA NUIT DE L'HOMME EDT 100ML,Odorem Dz,L’Homme Yves Saint Laurent 100ml EDT,"20,000 DZD",20000,In Stock,https://odorem-dz.com/produit/lhomme-yves-saint-laurent-100ml-edt/
YVES SAINT LAURENT LA NUIT DE L'HOMME EDT 100ML,Odorem Dz,Miniature Yves Saint Laurent MYSLF 10ml EDP,"5,200 DZD",5200,In Stock,https://odorem-dz.com/produit/miniature-yves-saint-laurent-myslf-10ml-edp/
YVES SAINT LAURENT LA NUIT DE L'HOMME EDT 100ML,Odorem Dz,Miniature Yves Saint Laurent MYSLF 10ml EDP,"5,200 DZD",5200,In Stock,https://odorem-dz.com/produit/miniature-yves-saint-laurent-myslf-10ml-edp/
YVES SAINT LAURENT LA NUIT DE L'HOMME EDT 100ML,Odorem Dz,Miniature Yves Saint Laurent Y 10ml EDP,"5,500 DZD",5500,In Stock,https://odorem-dz.com/produit/miniature-yves-saint-laurent-y-10ml-edp/
YVES SAINT LAURENT LA NUIT DE L'HOMME EDT 100ML,Odorem Dz,Miniature Yves Saint Laurent Y 10ml EDP,"5,500 DZD",5500,In Stock,https://odorem-dz.com/produit/miniature-yves-saint-laurent-y-10ml-edp/
YVES SAINT LAURENT LA NUIT DE L'HOMME EDT 100ML,Odorem Dz,Y Iced Cologne Yves Saint Laurent 100ml,"26,500 DZD",26500,In Stock,https://odorem-dz.com/produit/y-iced-cologne-yves-saint-laurent-100ml/
YVES SAINT LAURENT LA NUIT DE L'HOMME EDT 100ML,Odorem Dz,Y Iced Cologne Yves Saint Laurent 100ml,"26,500 DZD",26500,In Stock,https://odorem-dz.com/produit/y-iced-cologne-yves-saint-laurent-100ml/
YVES SAINT LAURENT LA NUIT DE L'HOMME EDT 100ML,Odorem Dz,Cinéma Yves Saint Laurent 90ml(Ancien patch),"39,000 DZD",39000,In Stock,https://odorem-dz.com/produit/cinema-yves-saint-laurent-90ml/
YVES SAINT LAURENT LA NUIT DE L'HOMME EDT 100ML,Odorem Dz,Cinéma Yves Saint Laurent 90ml(Ancien patch),"39,000 DZD",39000,In Stock,https://odorem-dz.com/produit/cinema-yves-saint-laurent-90ml/
YVES SAINT LAURENT LA NUIT DE L'HOMME EDT 100ML,Odorem Dz,Libre Flowers & Flames Yves Saint Laurent 90ml,"27,200 DZD",27200,In Stock,https://odorem-dz.com/produit/libre-flowers-flames-yves-saint-laurent-90ml/
YVES SAINT LAURENT LA NUIT DE L'HOMME EDT 100ML,Odorem Dz,Libre Flowers & Flames Yves Saint Laurent 90ml,"27,200 DZD",27200,In Stock,https://odorem-dz.com/produit/libre-flowers-flames-yves-saint-laurent-90ml/
YVES SAINT LAURENT LA NUIT DE L'HOMME EDT 100ML,Odorem Dz,MYSLF Eau de Parfum Yves Saint Laurent 150ml,"31,000 DZD",31000,In Stock,https://odorem-dz.com/produit/myslf-eau-de-parfum-yves-saint-laurent-150ml/
YVES SAINT LAURENT LA NUIT DE L'HOMME EDT 100ML,Odorem Dz,MYSLF Eau de Parfum Yves Saint Laurent 150ml,"31,000 DZD",31000,In Stock,https://odorem-dz.com/produit/myslf-eau-de-parfum-yves-saint-laurent-150ml/
YVES SAINT LAURENT LA NUIT DE L'HOMME EDT 100ML,Odorem Dz,Y Eau de Parfum 200ml Yves Saint Laurent,"34,800 DZD",34800,In Stock,https://odorem-dz.com/produit/y-eau-de-parfum-200ml-yves-saint-laurent/
YVES SAINT LAURENT LA NUIT DE L'HOMME EDT 100ML,Odorem Dz,Y Eau de Parfum 200ml Yves Saint Laurent,"34,800 DZD",34800,In Stock,https://odorem-dz.com/produit/y-eau-de-parfum-200ml-yves-saint-laurent/
YVES SAINT LAURENT LA NUIT DE L'HOMME EDT 100ML,Odorem Dz,37 rue de Bellechasse de Yves Saint Laurent 125ml,"63,000 DZD",63000,In Stock,https://odorem-dz.com/produit/37-rue-de-bellechasse-de-yves-saint-laurent-125ml/
YVES SAINT LAURENT LA NUIT DE L'HOMME EDT 100ML,Odorem Dz,37 rue de Bellechasse de Yves Saint Laurent 125ml,"63,000 DZD",63000,In Stock,https://odorem-dz.com/produit/37-rue-de-bellechasse-de-yves-saint-laurent-125ml/
YVES SAINT LAURENT LA NUIT DE L'HOMME EDT 100ML,Odorem Dz,Y Eau de Toilette Yves Saint Laurent 100ml,"19,800 DZD",19800,In Stock,https://odorem-dz.com/produit/y-eau-de-toilette-yves-saint-laurent-100ml/
YVES SAINT LAURENT LA NUIT DE L'HOMME EDT 100ML,Odorem Dz,Y Eau de Toilette Yves Saint Laurent 100ml,"19,800 DZD",19800,In Stock,https://odorem-dz.com/produit/y-eau-de-toilette-yves-saint-laurent-100ml/
YVES SAINT LAURENT LA NUIT DE L'HOMME EDT 100ML,Odorem Dz,Supreme Bouquet Yves Saint Laurent 75ml EDP,"63,000 DZD",63000,In Stock,https://odorem-dz.com/produit/supreme-bouquet-yves-saint-laurent-75ml-edp/
YVES SAINT LAURENT LA NUIT DE L'HOMME EDT 100ML,Odorem Dz,Supreme Bouquet Yves Saint Laurent 75ml EDP,"63,000 DZD",63000,In Stock,https://odorem-dz.com/produit/supreme-bouquet-yves-saint-laurent-75ml-edp/
YVES SAINT LAURENT LA NUIT DE L'HOMME EDT 100ML,Odorem Dz,Y Elixir Yves Saint Laurent 60ml,"26,000 DZD",26000,In Stock,https://odorem-dz.com/produit/y-elixir-yves-saint-laurent-60ml/
YVES SAINT LAURENT LA NUIT DE L'HOMME EDT 100ML,Odorem Dz,Y Elixir Yves Saint Laurent 60ml,"26,000 DZD",26000,In Stock,https://odorem-dz.com/produit/y-elixir-yves-saint-laurent-60ml/
YVES SAINT LAURENT LA NUIT DE L'HOMME EDT 100ML,Odorem Dz,elle Yves saint Laurent 90ml EDP,"24,600 DZD",24600,In Stock,https://odorem-dz.com/produit/elle-yves-saint-laurent-90ml-edp/
YVES SAINT LAURENT LA NUIT DE L'HOMME EDT 100ML,Odorem Dz,elle Yves saint Laurent 90ml EDP,"24,600 DZD",24600,In Stock,https://odorem-dz.com/produit/elle-yves-saint-laurent-90ml-edp/
YVES SAINT LAURENT LA NUIT DE L'HOMME EDT 100ML,Odorem Dz,M7 Yves saint Laurent 80ml edt,"28,000 DZD",28000,In Stock,https://odorem-dz.com/produit/m7-yves-saint-laurent-80ml-edt/
YVES SAINT LAURENT LA NUIT DE L'HOMME EDT 100ML,Odorem Dz,M7 Yves saint Laurent 80ml edt,"28,000 DZD",28000,In Stock,https://odorem-dz.com/produit/m7-yves-saint-laurent-80ml-edt/
YVES SAINT LAURENT LA NUIT DE L'HOMME EDT 100ML,Odorem Dz,Lavalliere Yves saint Laurent 125ml EDP,"59,000 DZD",59000,In Stock,https://odorem-dz.com/produit/lavalliere-yves-saint-laurent-125ml-edp/
YVES SAINT LAURENT LA NUIT DE L'HOMME EDT 100ML,Odorem Dz,Lavalliere Yves saint Laurent 125ml EDP,"59,000 DZD",59000,In Stock,https://odorem-dz.com/produit/lavalliere-yves-saint-laurent-125ml-edp/
YVES SAINT LAURENT LA NUIT DE L'HOMME EDT 100ML,Odorem Dz,MYSLF Yves Saint Laurent 100ml edp,"25,000 DZD",25000,In Stock,https://odorem-dz.com/produit/myslf-yves-saint-laurent-100ml-edp/
YVES SAINT LAURENT LA NUIT DE L'HOMME EDT 100ML,Odorem Dz,MYSLF Yves Saint Laurent 100ml edp,"25,000 DZD",25000,In Stock,https://odorem-dz.com/produit/myslf-yves-saint-laurent-100ml-edp/
YVES SAINT LAURENT LA NUIT DE L'HOMME EDT 100ML,Odorem Dz,Coffret Y yves saint Laurent homme EDP 100 ml+10ml mini,"26,500 DZD",26500,In Stock,https://odorem-dz.com/produit/y-coffret-homme-edp-100-ml10ml-mini/
YVES SAINT LAURENT LA NUIT DE L'HOMME EDT 100ML,Odorem Dz,Coffret Y yves saint Laurent homme EDP 100 ml+10ml mini,"26,500 DZD",26500,In Stock,https://odorem-dz.com/produit/y-coffret-homme-edp-100-ml10ml-mini/
YVES SAINT LAURENT LA NUIT DE L'HOMME EDT 100ML,Odorem Dz,Coffret Y yves EDP saint Laurent 3pcs,"28,500 DZD",28500,In Stock,https://odorem-dz.com/produit/coffret-y-yves-saint-laurent-3pcs/
YVES SAINT LAURENT LA NUIT DE L'HOMME EDT 100ML,Odorem Dz,Coffret Y yves EDP saint Laurent 3pcs,"28,500 DZD",28500,In Stock,https://odorem-dz.com/produit/coffret-y-yves-saint-laurent-3pcs/
YVES SAINT LAURENT LA NUIT DE L'HOMME EDT 100ML,Gallery Parfums Dz,Y YVES SAINT LAURENT,"25,800 DZD",25800,In Stock,https://galleryparfums-dz.com/produit/y-yves-saint-laurent-2/
YVES SAINT LAURENT LA NUIT DE L'HOMME EDT 100ML,Gallery Parfums Dz,Y YVES SAINT LAURENT,"204,000,026,900,002,040,000,269 DZD",204000026900002040000269,In Stock,https://galleryparfums-dz.com/produit/y-yves-saint-laurent/
YVES SAINT LAURENT MY SLF EDP 100ML,Odorem Dz,Jazz Yves Saint Laurent 80ml,"19,500 DZD",19500,In Stock,https://odorem-dz.com/produit/jazz-yves-saint-laurent-80ml/
YVES SAINT LAURENT MY SLF EDP 100ML,Odorem Dz,Jazz Yves Saint Laurent 80ml,"19,500 DZD",19500,In Stock,https://odorem-dz.com/produit/jazz-yves-saint-laurent-80ml/
YVES SAINT LAURENT MY SLF EDP 100ML,Odorem Dz,Yvresse Yves Saint Laurent 80ml EDT,"27,000 DZD",27000,In Stock,https://odorem-dz.com/produit/yvresse-yves-saint-laurent-80ml-edt/
YVES SAINT LAURENT MY SLF EDP 100ML,Odorem Dz,Yvresse Yves Saint Laurent 80ml EDT,"27,000 DZD",27000,In Stock,https://odorem-dz.com/produit/yvresse-yves-saint-laurent-80ml-edt/
YVES SAINT LAURENT MY SLF EDP 100ML,Odorem Dz,L’Homme Yves Saint Laurent 100ml EDT,"20,000 DZD",20000,In Stock,https://odorem-dz.com/produit/lhomme-yves-saint-laurent-100ml-edt/
YVES SAINT LAURENT MY SLF EDP 100ML,Odorem Dz,L’Homme Yves Saint Laurent 100ml EDT,"20,000 DZD",20000,In Stock,https://odorem-dz.com/produit/lhomme-yves-saint-laurent-100ml-edt/
YVES SAINT LAURENT MY SLF EDP 100ML,Odorem Dz,Miniature Yves Saint Laurent MYSLF 10ml EDP,"5,200 DZD",5200,In Stock,https://odorem-dz.com/produit/miniature-yves-saint-laurent-myslf-10ml-edp/
YVES SAINT LAURENT MY SLF EDP 100ML,Odorem Dz,Miniature Yves Saint Laurent MYSLF 10ml EDP,"5,200 DZD",5200,In Stock,https://odorem-dz.com/produit/miniature-yves-saint-laurent-myslf-10ml-edp/
YVES SAINT LAURENT MY SLF EDP 100ML,Odorem Dz,Miniature Yves Saint Laurent Y 10ml EDP,"5,500 DZD",5500,In Stock,https://odorem-dz.com/produit/miniature-yves-saint-laurent-y-10ml-edp/
YVES SAINT LAURENT MY SLF EDP 100ML,Odorem Dz,Miniature Yves Saint Laurent Y 10ml EDP,"5,500 DZD",5500,In Stock,https://odorem-dz.com/produit/miniature-yves-saint-laurent-y-10ml-edp/
YVES SAINT LAURENT MY SLF EDP 100ML,Odorem Dz,Y Iced Cologne Yves Saint Laurent 100ml,"26,500 DZD",26500,In Stock,https://odorem-dz.com/produit/y-iced-cologne-yves-saint-laurent-100ml/
YVES SAINT LAURENT MY SLF EDP 100ML,Odorem Dz,Y Iced Cologne Yves Saint Laurent 100ml,"26,500 DZD",26500,In Stock,https://odorem-dz.com/produit/y-iced-cologne-yves-saint-laurent-100ml/
YVES SAINT LAURENT MY SLF EDP 100ML,Odorem Dz,Cinéma Yves Saint Laurent 90ml(Ancien patch),"39,000 DZD",39000,In Stock,https://odorem-dz.com/produit/cinema-yves-saint-laurent-90ml/
YVES SAINT LAURENT MY SLF EDP 100ML,Odorem Dz,Cinéma Yves Saint Laurent 90ml(Ancien patch),"39,000 DZD",39000,In Stock,https://odorem-dz.com/produit/cinema-yves-saint-laurent-90ml/
YVES SAINT LAURENT MY SLF EDP 100ML,Odorem Dz,Libre Flowers & Flames Yves Saint Laurent 90ml,"27,200 DZD",27200,In Stock,https://odorem-dz.com/produit/libre-flowers-flames-yves-saint-laurent-90ml/
YVES SAINT LAURENT MY SLF EDP 100ML,Odorem Dz,Libre Flowers & Flames Yves Saint Laurent 90ml,"27,200 DZD",27200,In Stock,https://odorem-dz.com/produit/libre-flowers-flames-yves-saint-laurent-90ml/
YVES SAINT LAURENT MY SLF EDP 100ML,Odorem Dz,MYSLF Eau de Parfum Yves Saint Laurent 150ml,"31,000 DZD",31000,In Stock,https://odorem-dz.com/produit/myslf-eau-de-parfum-yves-saint-laurent-150ml/
YVES SAINT LAURENT MY SLF EDP 100ML,Odorem Dz,MYSLF Eau de Parfum Yves Saint Laurent 150ml,"31,000 DZD",31000,In Stock,https://odorem-dz.com/produit/myslf-eau-de-parfum-yves-saint-laurent-150ml/
YVES SAINT LAURENT MY SLF EDP 100ML,Odorem Dz,Y Eau de Parfum 200ml Yves Saint Laurent,"34,800 DZD",34800,In Stock,https://odorem-dz.com/produit/y-eau-de-parfum-200ml-yves-saint-laurent/
YVES SAINT LAURENT MY SLF EDP 100ML,Odorem Dz,Y Eau de Parfum 200ml Yves Saint Laurent,"34,800 DZD",34800,In Stock,https://odorem-dz.com/produit/y-eau-de-parfum-200ml-yves-saint-laurent/
YVES SAINT LAURENT MY SLF EDP 100ML,Odorem Dz,37 rue de Bellechasse de Yves Saint Laurent 125ml,"63,000 DZD",63000,In Stock,https://odorem-dz.com/produit/37-rue-de-bellechasse-de-yves-saint-laurent-125ml/
YVES SAINT LAURENT MY SLF EDP 100ML,Odorem Dz,37 rue de Bellechasse de Yves Saint Laurent 125ml,"63,000 DZD",63000,In Stock,https://odorem-dz.com/produit/37-rue-de-bellechasse-de-yves-saint-laurent-125ml/
YVES SAINT LAURENT MY SLF EDP 100ML,Odorem Dz,Y Eau de Toilette Yves Saint Laurent 100ml,"19,800 DZD",19800,In Stock,https://odorem-dz.com/produit/y-eau-de-toilette-yves-saint-laurent-100ml/
YVES SAINT LAURENT MY SLF EDP 100ML,Odorem Dz,Y Eau de Toilette Yves Saint Laurent 100ml,"19,800 DZD",19800,In Stock,https://odorem-dz.com/produit/y-eau-de-toilette-yves-saint-laurent-100ml/
YVES SAINT LAURENT MY SLF EDP 100ML,Odorem Dz,Supreme Bouquet Yves Saint Laurent 75ml EDP,"63,000 DZD",63000,In Stock,https://odorem-dz.com/produit/supreme-bouquet-yves-saint-laurent-75ml-edp/
YVES SAINT LAURENT MY SLF EDP 100ML,Odorem Dz,Supreme Bouquet Yves Saint Laurent 75ml EDP,"63,000 DZD",63000,In Stock,https://odorem-dz.com/produit/supreme-bouquet-yves-saint-laurent-75ml-edp/
YVES SAINT LAURENT MY SLF EDP 100ML,Odorem Dz,Y Elixir Yves Saint Laurent 60ml,"26,000 DZD",26000,In Stock,https://odorem-dz.com/produit/y-elixir-yves-saint-laurent-60ml/
YVES SAINT LAURENT MY SLF EDP 100ML,Odorem Dz,Y Elixir Yves Saint Laurent 60ml,"26,000 DZD",26000,In Stock,https://odorem-dz.com/produit/y-elixir-yves-saint-laurent-60ml/
YVES SAINT LAURENT MY SLF EDP 100ML,Odorem Dz,elle Yves saint Laurent 90ml EDP,"24,600 DZD",24600,In Stock,https://odorem-dz.com/produit/elle-yves-saint-laurent-90ml-edp/
YVES SAINT LAURENT MY SLF EDP 100ML,Odorem Dz,elle Yves saint Laurent 90ml EDP,"24,600 DZD",24600,In Stock,https://odorem-dz.com/produit/elle-yves-saint-laurent-90ml-edp/
YVES SAINT LAURENT MY SLF EDP 100ML,Odorem Dz,M7 Yves saint Laurent 80ml edt,"28,000 DZD",28000,In Stock,https://odorem-dz.com/produit/m7-yves-saint-laurent-80ml-edt/
YVES SAINT LAURENT MY SLF EDP 100ML,Odorem Dz,M7 Yves saint Laurent 80ml edt,"28,000 DZD",28000,In Stock,https://odorem-dz.com/produit/m7-yves-saint-laurent-80ml-edt/
YVES SAINT LAURENT MY SLF EDP 100ML,Odorem Dz,Lavalliere Yves saint Laurent 125ml EDP,"59,000 DZD",59000,In Stock,https://odorem-dz.com/produit/lavalliere-yves-saint-laurent-125ml-edp/
YVES SAINT LAURENT MY SLF EDP 100ML,Odorem Dz,Lavalliere Yves saint Laurent 125ml EDP,"59,000 DZD",59000,In Stock,https://odorem-dz.com/produit/lavalliere-yves-saint-laurent-125ml-edp/
YVES SAINT LAURENT MY SLF EDP 100ML,Odorem Dz,MYSLF Yves Saint Laurent 100ml edp,"25,000 DZD",25000,In Stock,https://odorem-dz.com/produit/myslf-yves-saint-laurent-100ml-edp/
YVES SAINT LAURENT MY SLF EDP 100ML,Odorem Dz,MYSLF Yves Saint Laurent 100ml edp,"25,000 DZD",25000,In Stock,https://odorem-dz.com/produit/myslf-yves-saint-laurent-100ml-edp/
YVES SAINT LAURENT MY SLF EDP 100ML,Odorem Dz,Coffret Y yves saint Laurent homme EDP 100 ml+10ml mini,"26,500 DZD",26500,In Stock,https://odorem-dz.com/produit/y-coffret-homme-edp-100-ml10ml-mini/
YVES SAINT LAURENT MY SLF EDP 100ML,Odorem Dz,Coffret Y yves saint Laurent homme EDP 100 ml+10ml mini,"26,500 DZD",26500,In Stock,https://odorem-dz.com/produit/y-coffret-homme-edp-100-ml10ml-mini/
YVES SAINT LAURENT MY SLF EDP 100ML,Odorem Dz,Coffret Y yves EDP saint Laurent 3pcs,"28,500 DZD",28500,In Stock,https://odorem-dz.com/produit/coffret-y-yves-saint-laurent-3pcs/
YVES SAINT LAURENT MY SLF EDP 100ML,Odorem Dz,Coffret Y yves EDP saint Laurent 3pcs,"28,500 DZD",28500,In Stock,https://odorem-dz.com/produit/coffret-y-yves-saint-laurent-3pcs/
YVES SAINT LAURENT MY SLF EDP 100ML,Gallery Parfums Dz,Y YVES SAINT LAURENT,"25,800 DZD",25800,In Stock,https://galleryparfums-dz.com/produit/y-yves-saint-laurent-2/
YVES SAINT LAURENT MY SLF EDP 100ML,Gallery Parfums Dz,Y YVES SAINT LAURENT,"204,000,026,900,002,040,000,269 DZD",204000026900002040000269,In Stock,https://galleryparfums-dz.com/produit/y-yves-saint-laurent/
YVES SAINT LAURENT Y EDT 100ML,Smell Good Dz,Yves Saint Laurent Libre (10ml),"3,400 DZD",3400,In Stock,https://smellgood-dz.com/products/yves-saint-laurent-libre-1
YVES SAINT LAURENT Y EDT 100ML,Smell Good Dz,Yves Saint Laurent Libre (20ml),"6,800 DZD",6800,In Stock,https://smellgood-dz.com/products/yves-saint-laurent-libre-1
YVES SAINT LAURENT Y EDT 100ML,Smell Good Dz,Yves Saint Laurent Libre (30ml),"10,200 DZD",10200,In Stock,https://smellgood-dz.com/products/yves-saint-laurent-libre-1
YVES SAINT LAURENT Y EDT 100ML,Smell Good Dz,Yves Saint Laurent Libre (40ml),"13,600 DZD",13600,In Stock,https://smellgood-dz.com/products/yves-saint-laurent-libre-1
YVES SAINT LAURENT Y EDT 100ML,Smell Good Dz,Yves Saint Laurent Libre (50ml),"17,000 DZD",17000,In Stock,https://smellgood-dz.com/products/yves-saint-laurent-libre-1
YVES SAINT LAURENT Y EDT 100ML,Smell Good Dz,Yves Saint Laurent MYSLF (10ml),"2,900 DZD",2900,In Stock,https://smellgood-dz.com/products/yves-saint-laurent-myslf
YVES SAINT LAURENT Y EDT 100ML,Smell Good Dz,Yves Saint Laurent MYSLF (20ml),"5,800 DZD",5800,In Stock,https://smellgood-dz.com/products/yves-saint-laurent-myslf
YVES SAINT LAURENT Y EDT 100ML,Smell Good Dz,Yves Saint Laurent MYSLF (30ml),"8,700 DZD",8700,In Stock,https://smellgood-dz.com/products/yves-saint-laurent-myslf
YVES SAINT LAURENT Y EDT 100ML,Smell Good Dz,Yves Saint Laurent Y (10ml),"2,700 DZD",2700,In Stock,https://smellgood-dz.com/products/yves-saint-laurent-y-4
YVES SAINT LAURENT Y EDT 100ML,Smell Good Dz,Yves Saint Laurent Y (20ml),"5,400 DZD",5400,In Stock,https://smellgood-dz.com/products/yves-saint-laurent-y-4
YVES SAINT LAURENT Y EDT 100ML,Smell Good Dz,Yves Saint Laurent Y (30ml),"8,100 DZD",8100,In Stock,https://smellgood-dz.com/products/yves-saint-laurent-y-4
YVES SAINT LAURENT Y EDT 100ML,Smell Good Dz,Yves Saint Laurent Black Opium (10ml),"2,500 DZD",2500,In Stock,https://smellgood-dz.com/products/yves-saint-laurent-black-opium-2
YVES SAINT LAURENT Y EDT 100ML,Smell Good Dz,Yves Saint Laurent Black Opium (20ml),"5,000 DZD",5000,In Stock,https://smellgood-dz.com/products/yves-saint-laurent-black-opium-2
YVES SAINT LAURENT Y EDT 100ML,Smell Good Dz,Yves Saint Laurent Black Opium (30ml),"7,500 DZD",7500,In Stock,https://smellgood-dz.com/products/yves-saint-laurent-black-opium-2
YVES SAINT LAURENT Y EDT 100ML,Smell Good Dz,Yves Saint Laurent Black Opium (40ml),"10,000 DZD",10000,In Stock,https://smellgood-dz.com/products/yves-saint-laurent-black-opium-2
YVES SAINT LAURENT Y EDT 100ML,Smell Good Dz,Yves Saint Laurent Black Opium (50ml),"12,500 DZD",12500,In Stock,https://smellgood-dz.com/products/yves-saint-laurent-black-opium-2
YVES SAINT LAURENT Y EDT 100ML,Smell Good Dz,Yves Saint Laurent Black Opium,"19,000 DZD",19000,Out of Stock,https://smellgood-dz.com/products/yves-saint-laurent-black-opium-1
YVES SAINT LAURENT Y EDT 100ML,Smell Good Dz,Yves Saint Laurent Y,"7,000 DZD",7000,In Stock,https://smellgood-dz.com/products/yves-saint-laurent-y-3
YVES SAINT LAURENT Y EDT 100ML,Smell Good Dz,Yves Saint Laurent Y le Parfum,"31,000 DZD",31000,In Stock,https://smellgood-dz.com/products/yves-saint-laurent-y-le-parfum
YVES SAINT LAURENT Y EDT 100ML,Smell Good Dz,Yves Saint Laurent Y Edt 100ml,"21,000 DZD",21000,In Stock,https://smellgood-dz.com/products/yves-saint-laurent-y-edt-100ml
YVES SAINT LAURENT Y EDT 100ML,Smell Good Dz,Yves Saint Laurent Y le Parfum 60ml / 100ml (60ml),"24,500 DZD",24500,In Stock,https://smellgood-dz.com/products/yves-saint-laurent-y-le-parfum-60ml-100ml
YVES SAINT LAURENT Y EDT 100ML,Smell Good Dz,Yves Saint Laurent Y le Parfum 60ml / 100ml (100ml),"28,500 DZD",28500,In Stock,https://smellgood-dz.com/products/yves-saint-laurent-y-le-parfum-60ml-100ml
YVES SAINT LAURENT Y EDT 100ML,Smell Good Dz,Yves Saint Laurent Y Intense 60ml / 100ml (60ml),"23,500 DZD",23500,In Stock,https://smellgood-dz.com/products/yves-saint-laurent-y-intense-60ml-100ml
YVES SAINT LAURENT Y EDT 100ML,Smell Good Dz,Yves Saint Laurent Y Intense 60ml / 100ml (100ml),"27,000 DZD",27000,In Stock,https://smellgood-dz.com/products/yves-saint-laurent-y-intense-60ml-100ml
YVES SAINT LAURENT Y EDT 100ML,Smell Good Dz,Yves Saint Laurent Y Edp 100ml / 200ml (100ml),"25,500 DZD",25500,In Stock,https://smellgood-dz.com/products/yves-saint-laurent-y-edp-100ml-200ml
YVES SAINT LAURENT Y EDT 100ML,Smell Good Dz,Yves Saint Laurent Y Edp 100ml / 200ml (200ml),"35,000 DZD",35000,In Stock,https://smellgood-dz.com/products/yves-saint-laurent-y-edp-100ml-200ml
YVES SAINT LAURENT Y EDT 100ML,Smell Good Dz,Yves Saint Laurent Y,"30,000 DZD",30000,In Stock,https://smellgood-dz.com/products/yves-saint-laurent-y-2
YVES SAINT LAURENT Y EDT 100ML,Smell Good Dz,Yves Saint Laurent Y,"28,000 DZD",28000,In Stock,https://smellgood-dz.com/products/yves-saint-laurent-y-1
YVES SAINT LAURENT Y EDT 100ML,Smell Good Dz,Yves Saint Laurent Y,"30,000 DZD",30000,In Stock,https://smellgood-dz.com/products/yves-saint-laurent-y
YVES SAINT LAURENT Y EDT 100ML,Smell Good Dz,Yves Saint Laurent Tuxedo Edp 125ml,"66,000 DZD",66000,In Stock,https://smellgood-dz.com/products/yves-saint-laurent-tuxedo-edp-125ml
YVES SAINT LAURENT Y EDT 100ML,Smell Good Dz,Yves Saint Laurent Parisienne Edp 90ml,"23,500 DZD",23500,Out of Stock,https://smellgood-dz.com/products/yves-saint-laurent-parisienne-edp-90ml
YVES SAINT LAURENT Y EDT 100ML,Smell Good Dz,Yves Saint Laurent Pack Miniatures,"14,000 DZD",14000,Out of Stock,https://smellgood-dz.com/products/yves-saint-laurent-pack-miniatures
YVES SAINT LAURENT Y EDT 100ML,Smell Good Dz,Yves Saint Laurent MYSLF Edp 60ml / 100ml (60ml),"21,500 DZD",21500,In Stock,https://smellgood-dz.com/products/yves-saint-laurent-my-self-edp-60ml-100ml
YVES SAINT LAURENT Y EDT 100ML,Smell Good Dz,Yves Saint Laurent MYSLF Edp 60ml / 100ml (100ml),"26,000 DZD",26000,In Stock,https://smellgood-dz.com/products/yves-saint-laurent-my-self-edp-60ml-100ml
YVES SAINT LAURENT Y EDT 100ML,Smell Good Dz,Yves Saint Laurent Mon Paris Edp 90ml,"28,000 DZD",28000,In Stock,https://smellgood-dz.com/products/yves-saint-laurent-mon-paris-edp-90ml
YVES SAINT LAURENT Y EDT 100ML,Smell Good Dz,Yves Saint Laurent Mon Paris,"26,500 DZD",26500,In Stock,https://smellgood-dz.com/products/yves-saint-laurent-mon-paris
YVES SAINT LAURENT Y EDT 100ML,Smell Good Dz,Yves Saint Laurent Libre le Parfum 50ml / 90ml (50ml),"27,500 DZD",27500,In Stock,https://smellgood-dz.com/products/yves-saint-laurent-libre-le-parfum-50ml-90ml
YVES SAINT LAURENT Y EDT 100ML,Smell Good Dz,Yves Saint Laurent Libre le Parfum 50ml / 90ml (90ml),"32,000 DZD",32000,In Stock,https://smellgood-dz.com/products/yves-saint-laurent-libre-le-parfum-50ml-90ml
YVES SAINT LAURENT Y EDT 100ML,Smell Good Dz,Yves Saint Laurent Libre Intense 50ml / 90ml (50ml),"25,000 DZD",25000,In Stock,https://smellgood-dz.com/products/yves-saint-laurent-libre-intense-50ml-90ml
YVES SAINT LAURENT Y EDT 100ML,Smell Good Dz,Yves Saint Laurent Libre Intense 50ml / 90ml (90ml),"29,500 DZD",29500,In Stock,https://smellgood-dz.com/products/yves-saint-laurent-libre-intense-50ml-90ml
YVES SAINT LAURENT Y EDT 100ML,Smell Good Dz,Yves Saint Laurent Libre Edp 50ml / 90ml / 150ml (50ml),"23,500 DZD",23500,In Stock,https://smellgood-dz.com/products/yves-saint-laurent-libre-edp-50ml-90ml-150ml
YVES SAINT LAURENT Y EDT 100ML,Smell Good Dz,Yves Saint Laurent Libre Edp 50ml / 90ml / 150ml (90ml),"28,000 DZD",28000,In Stock,https://smellgood-dz.com/products/yves-saint-laurent-libre-edp-50ml-90ml-150ml
YVES SAINT LAURENT Y EDT 100ML,Smell Good Dz,Yves Saint Laurent Libre Edp 50ml / 90ml / 150ml (150ml),"35,000 DZD",35000,In Stock,https://smellgood-dz.com/products/yves-saint-laurent-libre-edp-50ml-90ml-150ml
YVES SAINT LAURENT Y EDT 100ML,Smell Good Dz,Yves Saint Laurent Libre,"25,000 DZD",25000,In Stock,https://smellgood-dz.com/products/yves-saint-laurent-libre
YVES SAINT LAURENT Y EDT 100ML,Smell Good Dz,Yves Saint Laurent l'Homme Sport Edt 100ml,"18,000 DZD",18000,Out of Stock,https://smellgood-dz.com/products/yves-saint-laurent-lhomme-sport-edt-100ml
YVES SAINT LAURENT Y EDT 100ML,Smell Good Dz,Yves Saint Laurent l'Homme l'intense Edp 100ml,"22,000 DZD",22000,Out of Stock,https://smellgood-dz.com/products/yves-saint-laurent-lhomme-lintense-edp-100ml
YVES SAINT LAURENT Y EDT 100ML,Smell Good Dz,Yves Saint Laurent l'Homme Edt 100ml,"20,500 DZD",20500,In Stock,https://smellgood-dz.com/products/yves-saint-laurent-lhomme-edt-100ml
YVES SAINT LAURENT Y EDT 100ML,Smell Good Dz,Yves Saint Laurent la Nuit de l'Homme le Parfum 60ml / 100ml (60ml),"21,500 DZD",21500,In Stock,https://smellgood-dz.com/products/yves-saint-laurent-la-nuit-de-lhomme-le-parfum-60ml-100ml
YVES SAINT LAURENT Y EDT 100ML,Smell Good Dz,Yves Saint Laurent la Nuit de l'Homme le Parfum 60ml / 100ml (100ml),"26,000 DZD",26000,In Stock,https://smellgood-dz.com/products/yves-saint-laurent-la-nuit-de-lhomme-le-parfum-60ml-100ml
YVES SAINT LAURENT Y EDT 100ML,Smell Good Dz,Yves Saint Laurent la Nuit de l'Homme Edt 60ml / 100ml (60ml),"17,500 DZD",17500,In Stock,https://smellgood-dz.com/products/yves-saint-laurent-la-nuit-de-lhomme-edt-60ml-100ml
YVES SAINT LAURENT Y EDT 100ML,Smell Good Dz,Yves Saint Laurent la Nuit de l'Homme Edt 60ml / 100ml (100ml),"21,500 DZD",21500,In Stock,https://smellgood-dz.com/products/yves-saint-laurent-la-nuit-de-lhomme-edt-60ml-100ml
YVES SAINT LAURENT Y EDT 100ML,Smell Good Dz,Yves Saint Laurent la Nuit de l'Homme,"25,000 DZD",25000,Out of Stock,https://smellgood-dz.com/products/yves-saint-laurent-la-nuit-de-lhomme
YVES SAINT LAURENT Y EDT 100ML,Smell Good Dz,Yves Saint Laurent la Nuit de l'Homme Bleu Electrique 100ml,"22,000 DZD",22000,Out of Stock,https://smellgood-dz.com/products/yves-saint-laurent-la-nuit-de-lhomme-bleu-electrique-100ml
YVES SAINT LAURENT Y EDT 100ML,Smell Good Dz,Yves Saint Laurent Kouros Edt 100ml,"20,000 DZD",20000,In Stock,https://smellgood-dz.com/products/yves-saint-laurent-kouros-edt-100ml
YVES SAINT LAURENT Y EDT 100ML,Smell Good Dz,Yves Saint Laurent Elle Edp 90ml,"27,000 DZD",27000,In Stock,https://smellgood-dz.com/products/yves-saint-laurent-elle-edp-90ml
YVES SAINT LAURENT Y EDT 100ML,Smell Good Dz,Yves Saint Laurent Cinéma Edp 90ml,"28,000 DZD",28000,Out of Stock,https://smellgood-dz.com/products/yves-saint-laurent-cinema-edp-90ml
YVES SAINT LAURENT Y EDT 100ML,Smell Good Dz,Yves Saint Laurent Cinéma Edp 80ml (New),"25,000 DZD",25000,In Stock,https://smellgood-dz.com/products/yves-saint-laurent-cinema-edp-80ml-new
YVES SAINT LAURENT Y EDT 100ML,Smell Good Dz,Yves Saint Laurent Black Opium Edp 50ml / 90ml (50ml),"18,000 DZD",18000,In Stock,https://smellgood-dz.com/products/yves-saint-laurent-black-opium-edp-90ml
YVES SAINT LAURENT Y EDT 100ML,Smell Good Dz,Yves Saint Laurent Black Opium Edp 50ml / 90ml (90ml),"22,000 DZD",22000,In Stock,https://smellgood-dz.com/products/yves-saint-laurent-black-opium-edp-90ml
YVES SAINT LAURENT Y EDT 100ML,Smell Good Dz,Yves Saint Laurent Black Opium,"22,500 DZD",22500,Out of Stock,https://smellgood-dz.com/products/yves-saint-laurent-black-opium
YVES SAINT LAURENT Y EDT 100ML,Odorem Dz,Jazz Yves Saint Laurent 80ml,"19,500 DZD",19500,In Stock,https://odorem-dz.com/produit/jazz-yves-saint-laurent-80ml/
YVES SAINT LAURENT Y EDT 100ML,Odorem Dz,Jazz Yves Saint Laurent 80ml,"19,500 DZD",19500,In Stock,https://odorem-dz.com/produit/jazz-yves-saint-laurent-80ml/
YVES SAINT LAURENT Y EDT 100ML,Odorem Dz,Yvresse Yves Saint Laurent 80ml EDT,"27,000 DZD",27000,In Stock,https://odorem-dz.com/produit/yvresse-yves-saint-laurent-80ml-edt/
YVES SAINT LAURENT Y EDT 100ML,Odorem Dz,Yvresse Yves Saint Laurent 80ml EDT,"27,000 DZD",27000,In Stock,https://odorem-dz.com/produit/yvresse-yves-saint-laurent-80ml-edt/
YVES SAINT LAURENT Y EDT 100ML,Odorem Dz,L’Homme Yves Saint Laurent 100ml EDT,"20,000 DZD",20000,In Stock,https://odorem-dz.com/produit/lhomme-yves-saint-laurent-100ml-edt/
YVES SAINT LAURENT Y EDT 100ML,Odorem Dz,L’Homme Yves Saint Laurent 100ml EDT,"20,000 DZD",20000,In Stock,https://odorem-dz.com/produit/lhomme-yves-saint-laurent-100ml-edt/
YVES SAINT LAURENT Y EDT 100ML,Odorem Dz,Miniature Yves Saint Laurent MYSLF 10ml EDP,"5,200 DZD",5200,In Stock,https://odorem-dz.com/produit/miniature-yves-saint-laurent-myslf-10ml-edp/
YVES SAINT LAURENT Y EDT 100ML,Odorem Dz,Miniature Yves Saint Laurent MYSLF 10ml EDP,"5,200 DZD",5200,In Stock,https://odorem-dz.com/produit/miniature-yves-saint-laurent-myslf-10ml-edp/
YVES SAINT LAURENT Y EDT 100ML,Odorem Dz,Miniature Yves Saint Laurent Y 10ml EDP,"5,500 DZD",5500,In Stock,https://odorem-dz.com/produit/miniature-yves-saint-laurent-y-10ml-edp/
YVES SAINT LAURENT Y EDT 100ML,Odorem Dz,Miniature Yves Saint Laurent Y 10ml EDP,"5,500 DZD",5500,In Stock,https://odorem-dz.com/produit/miniature-yves-saint-laurent-y-10ml-edp/
YVES SAINT LAURENT Y EDT 100ML,Odorem Dz,Y Iced Cologne Yves Saint Laurent 100ml,"26,500 DZD",26500,In Stock,https://odorem-dz.com/produit/y-iced-cologne-yves-saint-laurent-100ml/
YVES SAINT LAURENT Y EDT 100ML,Odorem Dz,Y Iced Cologne Yves Saint Laurent 100ml,"26,500 DZD",26500,In Stock,https://odorem-dz.com/produit/y-iced-cologne-yves-saint-laurent-100ml/
YVES SAINT LAURENT Y EDT 100ML,Odorem Dz,Cinéma Yves Saint Laurent 90ml(Ancien patch),"39,000 DZD",39000,In Stock,https://odorem-dz.com/produit/cinema-yves-saint-laurent-90ml/
YVES SAINT LAURENT Y EDT 100ML,Odorem Dz,Cinéma Yves Saint Laurent 90ml(Ancien patch),"39,000 DZD",39000,In Stock,https://odorem-dz.com/produit/cinema-yves-saint-laurent-90ml/
YVES SAINT LAURENT Y EDT 100ML,Odorem Dz,Libre Flowers & Flames Yves Saint Laurent 90ml,"27,200 DZD",27200,In Stock,https://odorem-dz.com/produit/libre-flowers-flames-yves-saint-laurent-90ml/
YVES SAINT LAURENT Y EDT 100ML,Odorem Dz,Libre Flowers & Flames Yves Saint Laurent 90ml,"27,200 DZD",27200,In Stock,https://odorem-dz.com/produit/libre-flowers-flames-yves-saint-laurent-90ml/
YVES SAINT LAURENT Y EDT 100ML,Odorem Dz,MYSLF Eau de Parfum Yves Saint Laurent 150ml,"31,000 DZD",31000,In Stock,https://odorem-dz.com/produit/myslf-eau-de-parfum-yves-saint-laurent-150ml/
YVES SAINT LAURENT Y EDT 100ML,Odorem Dz,MYSLF Eau de Parfum Yves Saint Laurent 150ml,"31,000 DZD",31000,In Stock,https://odorem-dz.com/produit/myslf-eau-de-parfum-yves-saint-laurent-150ml/
YVES SAINT LAURENT Y EDT 100ML,Odorem Dz,Y Eau de Parfum 200ml Yves Saint Laurent,"34,800 DZD",34800,In Stock,https://odorem-dz.com/produit/y-eau-de-parfum-200ml-yves-saint-laurent/
YVES SAINT LAURENT Y EDT 100ML,Odorem Dz,Y Eau de Parfum 200ml Yves Saint Laurent,"34,800 DZD",34800,In Stock,https://odorem-dz.com/produit/y-eau-de-parfum-200ml-yves-saint-laurent/
YVES SAINT LAURENT Y EDT 100ML,Odorem Dz,37 rue de Bellechasse de Yves Saint Laurent 125ml,"63,000 DZD",63000,In Stock,https://odorem-dz.com/produit/37-rue-de-bellechasse-de-yves-saint-laurent-125ml/
YVES SAINT LAURENT Y EDT 100ML,Odorem Dz,37 rue de Bellechasse de Yves Saint Laurent 125ml,"63,000 DZD",63000,In Stock,https://odorem-dz.com/produit/37-rue-de-bellechasse-de-yves-saint-laurent-125ml/
YVES SAINT LAURENT Y EDT 100ML,Odorem Dz,Y Eau de Toilette Yves Saint Laurent 100ml,"19,800 DZD",19800,In Stock,https://odorem-dz.com/produit/y-eau-de-toilette-yves-saint-laurent-100ml/
YVES SAINT LAURENT Y EDT 100ML,Odorem Dz,Y Eau de Toilette Yves Saint Laurent 100ml,"19,800 DZD",19800,In Stock,https://odorem-dz.com/produit/y-eau-de-toilette-yves-saint-laurent-100ml/
YVES SAINT LAURENT Y EDT 100ML,Odorem Dz,Supreme Bouquet Yves Saint Laurent 75ml EDP,"63,000 DZD",63000,In Stock,https://odorem-dz.com/produit/supreme-bouquet-yves-saint-laurent-75ml-edp/
YVES SAINT LAURENT Y EDT 100ML,Odorem Dz,Supreme Bouquet Yves Saint Laurent 75ml EDP,"63,000 DZD",63000,In Stock,https://odorem-dz.com/produit/supreme-bouquet-yves-saint-laurent-75ml-edp/
YVES SAINT LAURENT Y EDT 100ML,Odorem Dz,Y Elixir Yves Saint Laurent 60ml,"26,000 DZD",26000,In Stock,https://odorem-dz.com/produit/y-elixir-yves-saint-laurent-60ml/
YVES SAINT LAURENT Y EDT 100ML,Odorem Dz,Y Elixir Yves Saint Laurent 60ml,"26,000 DZD",26000,In Stock,https://odorem-dz.com/produit/y-elixir-yves-saint-laurent-60ml/
YVES SAINT LAURENT Y EDT 100ML,Odorem Dz,elle Yves saint Laurent 90ml EDP,"24,600 DZD",24600,In Stock,https://odorem-dz.com/produit/elle-yves-saint-laurent-90ml-edp/
YVES SAINT LAURENT Y EDT 100ML,Odorem Dz,elle Yves saint Laurent 90ml EDP,"24,600 DZD",24600,In Stock,https://odorem-dz.com/produit/elle-yves-saint-laurent-90ml-edp/
YVES SAINT LAURENT Y EDT 100ML,Odorem Dz,M7 Yves saint Laurent 80ml edt,"28,000 DZD",28000,In Stock,https://odorem-dz.com/produit/m7-yves-saint-laurent-80ml-edt/
YVES SAINT LAURENT Y EDT 100ML,Odorem Dz,M7 Yves saint Laurent 80ml edt,"28,000 DZD",28000,In Stock,https://odorem-dz.com/produit/m7-yves-saint-laurent-80ml-edt/
YVES SAINT LAURENT Y EDT 100ML,Odorem Dz,Lavalliere Yves saint Laurent 125ml EDP,"59,000 DZD",59000,In Stock,https://odorem-dz.com/produit/lavalliere-yves-saint-laurent-125ml-edp/
YVES SAINT LAURENT Y EDT 100ML,Odorem Dz,Lavalliere Yves saint Laurent 125ml EDP,"59,000 DZD",59000,In Stock,https://odorem-dz.com/produit/lavalliere-yves-saint-laurent-125ml-edp/
YVES SAINT LAURENT Y EDT 100ML,Odorem Dz,MYSLF Yves Saint Laurent 100ml edp,"25,000 DZD",25000,In Stock,https://odorem-dz.com/produit/myslf-yves-saint-laurent-100ml-edp/
YVES SAINT LAURENT Y EDT 100ML,Odorem Dz,MYSLF Yves Saint Laurent 100ml edp,"25,000 DZD",25000,In Stock,https://odorem-dz.com/produit/myslf-yves-saint-laurent-100ml-edp/
YVES SAINT LAURENT Y EDT 100ML,Odorem Dz,Coffret Y yves saint Laurent homme EDP 100 ml+10ml mini,"26,500 DZD",26500,In Stock,https://odorem-dz.com/produit/y-coffret-homme-edp-100-ml10ml-mini/
YVES SAINT LAURENT Y EDT 100ML,Odorem Dz,Coffret Y yves saint Laurent homme EDP 100 ml+10ml mini,"26,500 DZD",26500,In Stock,https://odorem-dz.com/produit/y-coffret-homme-edp-100-ml10ml-mini/
YVES SAINT LAURENT Y EDT 100ML,Odorem Dz,Coffret Y yves EDP saint Laurent 3pcs,"28,500 DZD",28500,In Stock,https://odorem-dz.com/produit/coffret-y-yves-saint-laurent-3pcs/
YVES SAINT LAURENT Y EDT 100ML,Odorem Dz,Coffret Y yves EDP saint Laurent 3pcs,"28,500 DZD",28500,In Stock,https://odorem-dz.com/produit/coffret-y-yves-saint-laurent-3pcs/
YVES SAINT LAURENT Y EDT 100ML,Gallery Parfums Dz,Y YVES SAINT LAURENT,"25,800 DZD",25800,In Stock,https://galleryparfums-dz.com/produit/y-yves-saint-laurent-2/
YVES SAINT LAURENT Y EDT 100ML,Gallery Parfums Dz,Y YVES SAINT LAURENT,"204,000,026,900,002,040,000,269 DZD",204000026900002040000269,In Stock,https://galleryparfums-dz.com/produit/y-yves-saint-laurent/
YVES SAINT LAURENT Y INTENSE EDP 100ML,Smell Good Dz,Yves Saint Laurent Y Intense 60ml / 100ml (60ml),"23,500 DZD",23500,In Stock,https://smellgood-dz.com/products/yves-saint-laurent-y-intense-60ml-100ml
YVES SAINT LAURENT Y INTENSE EDP 100ML,Smell Good Dz,Yves Saint Laurent Y Intense 60ml / 100ml (100ml),"27,000 DZD",27000,In Stock,https://smellgood-dz.com/products/yves-saint-laurent-y-intense-60ml-100ml
YVES SAINT LAURENT Y INTENSE EDP 100ML,Smell Good Dz,Yves Saint Laurent Libre Intense 50ml / 90ml (50ml),"25,000 DZD",25000,In Stock,https://smellgood-dz.com/products/yves-saint-laurent-libre-intense-50ml-90ml
YVES SAINT LAURENT Y INTENSE EDP 100ML,Smell Good Dz,Yves Saint Laurent Libre Intense 50ml / 90ml (90ml),"29,500 DZD",29500,In Stock,https://smellgood-dz.com/products/yves-saint-laurent-libre-intense-50ml-90ml
YVES SAINT LAURENT Y INTENSE EDP 100ML,Smell Good Dz,Yves Saint Laurent l'Homme l'intense Edp 100ml,"22,000 DZD",22000,Out of Stock,https://smellgood-dz.com/products/yves-saint-laurent-lhomme-lintense-edp-100ml
YVES SAINT LAURENT Y INTENSE EDP 100ML,Odorem Dz,Jazz Yves Saint Laurent 80ml,"19,500 DZD",19500,In Stock,https://odorem-dz.com/produit/jazz-yves-saint-laurent-80ml/
YVES SAINT LAURENT Y INTENSE EDP 100ML,Odorem Dz,Jazz Yves Saint Laurent 80ml,"19,500 DZD",19500,In Stock,https://odorem-dz.com/produit/jazz-yves-saint-laurent-80ml/
YVES SAINT LAURENT Y INTENSE EDP 100ML,Odorem Dz,Yvresse Yves Saint Laurent 80ml EDT,"27,000 DZD",27000,In Stock,https://odorem-dz.com/produit/yvresse-yves-saint-laurent-80ml-edt/
YVES SAINT LAURENT Y INTENSE EDP 100ML,Odorem Dz,Yvresse Yves Saint Laurent 80ml EDT,"27,000 DZD",27000,In Stock,https://odorem-dz.com/produit/yvresse-yves-saint-laurent-80ml-edt/
YVES SAINT LAURENT Y INTENSE EDP 100ML,Odorem Dz,L’Homme Yves Saint Laurent 100ml EDT,"20,000 DZD",20000,In Stock,https://odorem-dz.com/produit/lhomme-yves-saint-laurent-100ml-edt/
YVES SAINT LAURENT Y INTENSE EDP 100ML,Odorem Dz,L’Homme Yves Saint Laurent 100ml EDT,"20,000 DZD",20000,In Stock,https://odorem-dz.com/produit/lhomme-yves-saint-laurent-100ml-edt/
YVES SAINT LAURENT Y INTENSE EDP 100ML,Odorem Dz,Miniature Yves Saint Laurent MYSLF 10ml EDP,"5,200 DZD",5200,In Stock,https://odorem-dz.com/produit/miniature-yves-saint-laurent-myslf-10ml-edp/
YVES SAINT LAURENT Y INTENSE EDP 100ML,Odorem Dz,Miniature Yves Saint Laurent MYSLF 10ml EDP,"5,200 DZD",5200,In Stock,https://odorem-dz.com/produit/miniature-yves-saint-laurent-myslf-10ml-edp/
YVES SAINT LAURENT Y INTENSE EDP 100ML,Odorem Dz,Miniature Yves Saint Laurent Y 10ml EDP,"5,500 DZD",5500,In Stock,https://odorem-dz.com/produit/miniature-yves-saint-laurent-y-10ml-edp/
YVES SAINT LAURENT Y INTENSE EDP 100ML,Odorem Dz,Miniature Yves Saint Laurent Y 10ml EDP,"5,500 DZD",5500,In Stock,https://odorem-dz.com/produit/miniature-yves-saint-laurent-y-10ml-edp/
YVES SAINT LAURENT Y INTENSE EDP 100ML,Odorem Dz,Y Iced Cologne Yves Saint Laurent 100ml,"26,500 DZD",26500,In Stock,https://odorem-dz.com/produit/y-iced-cologne-yves-saint-laurent-100ml/
YVES SAINT LAURENT Y INTENSE EDP 100ML,Odorem Dz,Y Iced Cologne Yves Saint Laurent 100ml,"26,500 DZD",26500,In Stock,https://odorem-dz.com/produit/y-iced-cologne-yves-saint-laurent-100ml/
YVES SAINT LAURENT Y INTENSE EDP 100ML,Odorem Dz,Cinéma Yves Saint Laurent 90ml(Ancien patch),"39,000 DZD",39000,In Stock,https://odorem-dz.com/produit/cinema-yves-saint-laurent-90ml/
YVES SAINT LAURENT Y INTENSE EDP 100ML,Odorem Dz,Cinéma Yves Saint Laurent 90ml(Ancien patch),"39,000 DZD",39000,In Stock,https://odorem-dz.com/produit/cinema-yves-saint-laurent-90ml/
YVES SAINT LAURENT Y INTENSE EDP 100ML,Odorem Dz,Libre Flowers & Flames Yves Saint Laurent 90ml,"27,200 DZD",27200,In Stock,https://odorem-dz.com/produit/libre-flowers-flames-yves-saint-laurent-90ml/
YVES SAINT LAURENT Y INTENSE EDP 100ML,Odorem Dz,Libre Flowers & Flames Yves Saint Laurent 90ml,"27,200 DZD",27200,In Stock,https://odorem-dz.com/produit/libre-flowers-flames-yves-saint-laurent-90ml/
YVES SAINT LAURENT Y INTENSE EDP 100ML,Odorem Dz,MYSLF Eau de Parfum Yves Saint Laurent 150ml,"31,000 DZD",31000,In Stock,https://odorem-dz.com/produit/myslf-eau-de-parfum-yves-saint-laurent-150ml/
YVES SAINT LAURENT Y INTENSE EDP 100ML,Odorem Dz,MYSLF Eau de Parfum Yves Saint Laurent 150ml,"31,000 DZD",31000,In Stock,https://odorem-dz.com/produit/myslf-eau-de-parfum-yves-saint-laurent-150ml/
YVES SAINT LAURENT Y INTENSE EDP 100ML,Odorem Dz,Y Eau de Parfum 200ml Yves Saint Laurent,"34,800 DZD",34800,In Stock,https://odorem-dz.com/produit/y-eau-de-parfum-200ml-yves-saint-laurent/
YVES SAINT LAURENT Y INTENSE EDP 100ML,Odorem Dz,Y Eau de Parfum 200ml Yves Saint Laurent,"34,800 DZD",34800,In Stock,https://odorem-dz.com/produit/y-eau-de-parfum-200ml-yves-saint-laurent/
YVES SAINT LAURENT Y INTENSE EDP 100ML,Odorem Dz,37 rue de Bellechasse de Yves Saint Laurent 125ml,"63,000 DZD",63000,In Stock,https://odorem-dz.com/produit/37-rue-de-bellechasse-de-yves-saint-laurent-125ml/
YVES SAINT LAURENT Y INTENSE EDP 100ML,Odorem Dz,37 rue de Bellechasse de Yves Saint Laurent 125ml,"63,000 DZD",63000,In Stock,https://odorem-dz.com/produit/37-rue-de-bellechasse-de-yves-saint-laurent-125ml/
YVES SAINT LAURENT Y INTENSE EDP 100ML,Odorem Dz,Y Eau de Toilette Yves Saint Laurent 100ml,"19,800 DZD",19800,In Stock,https://odorem-dz.com/produit/y-eau-de-toilette-yves-saint-laurent-100ml/
YVES SAINT LAURENT Y INTENSE EDP 100ML,Odorem Dz,Y Eau de Toilette Yves Saint Laurent 100ml,"19,800 DZD",19800,In Stock,https://odorem-dz.com/produit/y-eau-de-toilette-yves-saint-laurent-100ml/
YVES SAINT LAURENT Y INTENSE EDP 100ML,Odorem Dz,Supreme Bouquet Yves Saint Laurent 75ml EDP,"63,000 DZD",63000,In Stock,https://odorem-dz.com/produit/supreme-bouquet-yves-saint-laurent-75ml-edp/
YVES SAINT LAURENT Y INTENSE EDP 100ML,Odorem Dz,Supreme Bouquet Yves Saint Laurent 75ml EDP,"63,000 DZD",63000,In Stock,https://odorem-dz.com/produit/supreme-bouquet-yves-saint-laurent-75ml-edp/
YVES SAINT LAURENT Y INTENSE EDP 100ML,Odorem Dz,Y Elixir Yves Saint Laurent 60ml,"26,000 DZD",26000,In Stock,https://odorem-dz.com/produit/y-elixir-yves-saint-laurent-60ml/
YVES SAINT LAURENT Y INTENSE EDP 100ML,Odorem Dz,Y Elixir Yves Saint Laurent 60ml,"26,000 DZD",26000,In Stock,https://odorem-dz.com/produit/y-elixir-yves-saint-laurent-60ml/
YVES SAINT LAURENT Y INTENSE EDP 100ML,Odorem Dz,elle Yves saint Laurent 90ml EDP,"24,600 DZD",24600,In Stock,https://odorem-dz.com/produit/elle-yves-saint-laurent-90ml-edp/
YVES SAINT LAURENT Y INTENSE EDP 100ML,Odorem Dz,elle Yves saint Laurent 90ml EDP,"24,600 DZD",24600,In Stock,https://odorem-dz.com/produit/elle-yves-saint-laurent-90ml-edp/
YVES SAINT LAURENT Y INTENSE EDP 100ML,Odorem Dz,M7 Yves saint Laurent 80ml edt,"28,000 DZD",28000,In Stock,https://odorem-dz.com/produit/m7-yves-saint-laurent-80ml-edt/
YVES SAINT LAURENT Y INTENSE EDP 100ML,Odorem Dz,M7 Yves saint Laurent 80ml edt,"28,000 DZD",28000,In Stock,https://odorem-dz.com/produit/m7-yves-saint-laurent-80ml-edt/
YVES SAINT LAURENT Y INTENSE EDP 100ML,Odorem Dz,Lavalliere Yves saint Laurent 125ml EDP,"59,000 DZD",59000,In Stock,https://odorem-dz.com/produit/lavalliere-yves-saint-laurent-125ml-edp/
YVES SAINT LAURENT Y INTENSE EDP 100ML,Odorem Dz,Lavalliere Yves saint Laurent 125ml EDP,"59,000 DZD",59000,In Stock,https://odorem-dz.com/produit/lavalliere-yves-saint-laurent-125ml-edp/
YVES SAINT LAURENT Y INTENSE EDP 100ML,Odorem Dz,MYSLF Yves Saint Laurent 100ml edp,"25,000 DZD",25000,In Stock,https://odorem-dz.com/produit/myslf-yves-saint-laurent-100ml-edp/
YVES SAINT LAURENT Y INTENSE EDP 100ML,Odorem Dz,MYSLF Yves Saint Laurent 100ml edp,"25,000 DZD",25000,In Stock,https://odorem-dz.com/produit/myslf-yves-saint-laurent-100ml-edp/
YVES SAINT LAURENT Y INTENSE EDP 100ML,Odorem Dz,Coffret Y yves saint Laurent homme EDP 100 ml+10ml mini,"26,500 DZD",26500,In Stock,https://odorem-dz.com/produit/y-coffret-homme-edp-100-ml10ml-mini/
YVES SAINT LAURENT Y INTENSE EDP 100ML,Odorem Dz,Coffret Y yves saint Laurent homme EDP 100 ml+10ml mini,"26,500 DZD",26500,In Stock,https://odorem-dz.com/produit/y-coffret-homme-edp-100-ml10ml-mini/
YVES SAINT LAURENT Y INTENSE EDP 100ML,Odorem Dz,Coffret Y yves EDP saint Laurent 3pcs,"28,500 DZD",28500,In Stock,https://odorem-dz.com/produit/coffret-y-yves-saint-laurent-3pcs/
YVES SAINT LAURENT Y INTENSE EDP 100ML,Odorem Dz,Coffret Y yves EDP saint Laurent 3pcs,"28,500 DZD",28500,In Stock,https://odorem-dz.com/produit/coffret-y-yves-saint-laurent-3pcs/
YVES SAINT LAURENT Y INTENSE EDP 100ML,Gallery Parfums Dz,Y YVES SAINT LAURENT,"25,800 DZD",25800,In Stock,https://galleryparfums-dz.com/produit/y-yves-saint-laurent-2/
YVES SAINT LAURENT Y INTENSE EDP 100ML,Gallery Parfums Dz,Y YVES SAINT LAURENT,"204,000,026,900,002,040,000,269 DZD",204000026900002040000269,In Stock,https://galleryparfums-dz.com/produit/y-yves-saint-laurent/
xerjoff 1861 Naxos 100ml EDP,Smell Good Dz,Xerjoff Naxos (5ml),"2,900 DZD",2900,In Stock,https://smellgood-dz.com/products/xerjoff-naxos
xerjoff 1861 Naxos 100ml EDP,Smell Good Dz,Xerjoff Naxos (10ml),"5,800 DZD",5800,In Stock,https://smellgood-dz.com/products/xerjoff-naxos
xerjoff 1861 Naxos 100ml EDP,Smell Good Dz,Xerjoff Naxos (20ml),"11,600 DZD",11600,In Stock,https://smellgood-dz.com/products/xerjoff-naxos
xerjoff 1861 Naxos 100ml EDP,Smell Good Dz,Xerjoff Naxos (30ml),"17,400 DZD",17400,In Stock,https://smellgood-dz.com/products/xerjoff-naxos
xerjoff 1861 Naxos 100ml EDP,Smell Good Dz,Xerjoff Naxos Edp 100ml,"52,000 DZD",52000,In Stock,https://smellgood-dz.com/products/xerjoff-naxos-edp-100ml
